-- MySQL dump 10.16  Distrib 10.1.13-MariaDB, for Linux (x86_64)
--
-- Host: localhost    Database: Project
-- ------------------------------------------------------
-- Server version	10.1.13-MariaDB

/*!40101 SET @OLD_CHARACTER_SET_CLIENT=@@CHARACTER_SET_CLIENT */;
/*!40101 SET @OLD_CHARACTER_SET_RESULTS=@@CHARACTER_SET_RESULTS */;
/*!40101 SET @OLD_COLLATION_CONNECTION=@@COLLATION_CONNECTION */;
/*!40101 SET NAMES utf8 */;
/*!40103 SET @OLD_TIME_ZONE=@@TIME_ZONE */;
/*!40103 SET TIME_ZONE='+00:00' */;
/*!40014 SET @OLD_UNIQUE_CHECKS=@@UNIQUE_CHECKS, UNIQUE_CHECKS=0 */;
/*!40014 SET @OLD_FOREIGN_KEY_CHECKS=@@FOREIGN_KEY_CHECKS, FOREIGN_KEY_CHECKS=0 */;
/*!40101 SET @OLD_SQL_MODE=@@SQL_MODE, SQL_MODE='NO_AUTO_VALUE_ON_ZERO' */;
/*!40111 SET @OLD_SQL_NOTES=@@SQL_NOTES, SQL_NOTES=0 */;

--
-- Table structure for table `Comments`
--

DROP TABLE IF EXISTS `Comments`;
/*!40101 SET @saved_cs_client     = @@character_set_client */;
/*!40101 SET character_set_client = utf8 */;
CREATE TABLE `Comments` (
  `id` varchar(250) DEFAULT NULL,
  `comment` varchar(250) DEFAULT NULL
) ENGINE=InnoDB DEFAULT CHARSET=latin1;
/*!40101 SET character_set_client = @saved_cs_client */;

--
-- Dumping data for table `Comments`
--

LOCK TABLES `Comments` WRITE;
/*!40000 ALTER TABLE `Comments` DISABLE KEYS */;
INSERT INTO `Comments` VALUES ('nadeemqwerty@gmail.com','I lost my 6 kg in just 1 month.'),('amitrajain@gmail.com','I gained 2kg.'),('nadeemqwerty@gmail.com','Great platform buddy.'),('amit@gmail.com','Hey buddies, wassup ?\r\n'),('amit@gmail.com','ERxcuse me');
/*!40000 ALTER TABLE `Comments` ENABLE KEYS */;
UNLOCK TABLES;

--
-- Table structure for table `CustomerDiet`
--

DROP TABLE IF EXISTS `CustomerDiet`;
/*!40101 SET @saved_cs_client     = @@character_set_client */;
/*!40101 SET character_set_client = utf8 */;
CREATE TABLE `CustomerDiet` (
  `Id` varchar(250) DEFAULT NULL,
  `Item` varchar(250) DEFAULT NULL,
  `Category` varchar(250) DEFAULT NULL
) ENGINE=InnoDB DEFAULT CHARSET=latin1;
/*!40101 SET character_set_client = @saved_cs_client */;

--
-- Dumping data for table `CustomerDiet`
--

LOCK TABLES `CustomerDiet` WRITE;
/*!40000 ALTER TABLE `CustomerDiet` DISABLE KEYS */;
INSERT INTO `CustomerDiet` VALUES ('amit@gmail.com','1 Avocados','Breakfast'),('amit@gmail.com','1 Banana','Breakfast'),('amit@gmail.com','1 Egg omelette','Breakfast'),('amit@gmail.com','3 Egg','Breakfast'),('amit@gmail.com','200g Trout','Dinner'),('amit@gmail.com','200g Tuna','Dinner'),('amit@gmail.com','200g Turkey','Dinner'),('amit@gmail.com','1 Apple','Breakfast'),('amit@gmail.com','1 Avocados','Breakfast'),('guptaprashantshekhar@gmail.com','1 Avocados','Breakfast'),('guptaprashantshekhar@gmail.com','1 Avocados','Breakfast'),('guptaprashantshekhar@gmail.com','1 Banana','Breakfast');
/*!40000 ALTER TABLE `CustomerDiet` ENABLE KEYS */;
UNLOCK TABLES;

--
-- Table structure for table `CustomerEx`
--

DROP TABLE IF EXISTS `CustomerEx`;
/*!40101 SET @saved_cs_client     = @@character_set_client */;
/*!40101 SET character_set_client = utf8 */;
CREATE TABLE `CustomerEx` (
  `Id` varchar(250) DEFAULT NULL,
  `Item` varchar(250) DEFAULT NULL,
  `Day` varchar(250) DEFAULT NULL
) ENGINE=InnoDB DEFAULT CHARSET=latin1;
/*!40101 SET character_set_client = @saved_cs_client */;

--
-- Dumping data for table `CustomerEx`
--

LOCK TABLES `CustomerEx` WRITE;
/*!40000 ALTER TABLE `CustomerEx` DISABLE KEYS */;
INSERT INTO `CustomerEx` VALUES ('amit@gmail.com','Barbell Squat Jerk','Saturday'),('guptaprashantshekhar@gmail.com','Barbbell Clean and Jerk','Monday'),('guptaprashantshekhar@gmail.com','Barbbell Drag Curl','Monday');
/*!40000 ALTER TABLE `CustomerEx` ENABLE KEYS */;
UNLOCK TABLES;

--
-- Table structure for table `Customers`
--

DROP TABLE IF EXISTS `Customers`;
/*!40101 SET @saved_cs_client     = @@character_set_client */;
/*!40101 SET character_set_client = utf8 */;
CREATE TABLE `Customers` (
  `Height` int(11) DEFAULT NULL,
  `Weight` int(11) DEFAULT NULL,
  `Age` int(11) DEFAULT NULL,
  `Password` varchar(250) DEFAULT NULL,
  `Email` varchar(255) DEFAULT NULL,
  `Improvement` int(11) DEFAULT NULL,
  `Sex` varchar(255) DEFAULT NULL,
  `Name` varchar(255) DEFAULT NULL,
  `BMI` float DEFAULT NULL,
  `Est_calories` int(11) DEFAULT NULL
) ENGINE=InnoDB DEFAULT CHARSET=latin1;
/*!40101 SET character_set_client = @saved_cs_client */;

--
-- Dumping data for table `Customers`
--

LOCK TABLES `Customers` WRITE;
/*!40000 ALTER TABLE `Customers` DISABLE KEYS */;
INSERT INTO `Customers` VALUES (157,82,25,'password','quinn@att.net',0,'male','Noah',33.2671,2000),(168,74,17,'7DMSv^qr','bader@mac.com',0,'male','Liam',26.2188,2000),(182,57,27,'~u98jSug','cliffordj@me.com',0,'female','Mason',17.2081,3000),(189,83,22,'kP46>B74','kostas@mac.com',0,'male','Jacob',23.2356,2500),(170,60,33,'N%ADEnU3','aukjan@aol.com',0,'female','William',20.7612,2500),(165,68,35,'vW!SJ6@!','forsberg@hotmail.com',0,'male','Ethan',24.977,2000),(183,71,29,'ZKEgGY%2','anicolao@gmail.com',0,'female','James',21.201,2500),(148,73,26,'3wDLRE3>','duncand@msn.com',0,'male','Alexander',33.3272,2000),(156,53,31,'Bk9>E>@D','guialbu@msn.com',0,'female','Michael',21.7784,2500),(190,48,16,'59#L8G>b','earmstro@msn.com',0,'female','Benjamin',13.2964,3000),(169,49,31,'Wb!H6SN+','brickbat@hotmail.com',0,'male','Elijah',17.1563,3000),(175,58,27,'K2xv3&Pd','kuparine@outlook.com',0,'female','Daniel',18.9388,2500),(181,56,17,'RDg7Q~7B','alaisa@gmail.com',0,'male','Aiden',17.0935,3000),(147,41,20,'5&LN#RaE','gbacon@live.com',0,'male','Logan',18.9736,2500),(178,77,24,'m#cwz8~C','morain@optonline.net',0,'male','Matthew',24.3025,2500),(163,42,29,'PZ~X8Lh%','noodles@att.net',0,'female','Lucas',15.8079,3000),(146,43,35,'UZH6j?E2','kodeman@hotmail.com',0,'male','Jackson',20.1726,2500),(152,79,18,'DC~4y5>&','overbom@hotmail.com',0,'female','David',34.1932,2000),(176,59,19,'Jav2Z#!A','jkegl@mac.com',0,'male','Oliver',19.047,2500),(173,67,25,'q8!E+#NZ','jadavis@aol.com',0,'female','Jayden',22.3863,2500),(187,50,25,'Kf>D+g62','crowemojo@att.net',0,'male','Joseph',14.2984,3000),(149,81,17,'d98U8R^n','mosses@msn.com',0,'female','Gabriel',36.4848,2000),(186,88,27,'DJx6@~6f','madler@live.com',0,'female','Samuel',25.4365,2000),(162,62,22,'7~rF>V8&','schwaang@yahoo.com',0,'male','Carter',23.6244,2500),(174,80,33,'@Z5!k!cQ','chrisj@yahoo.ca',0,'female','Anthony',26.4236,2000),(179,84,35,'qD&8>N7X','grossman@msn.com',0,'male','John',26.2164,2000),(158,76,29,'$JeW4m?6','facet@yahoo.ca',0,'male','Dylan',30.4438,2000),(154,87,26,'^H4CJQ4u','dburrows@yahoo.com',0,'male','Luke',36.6841,2000),(185,85,31,'kZ@7G6!D','ghost@att.net',0,'female','Henry',24.8356,2500),(153,65,16,'?5LmNG!V','qmacro@yahoo.ca',0,'male','Andrew',27.7671,2000),(159,54,31,'D9x$Nf44','wildfire@me.com',0,'female','Isaac',21.3599,2500),(177,46,27,'h94WDt^C','chaikin@yahoo.com',0,'male','Christopher',14.6829,3000),(164,78,17,'~9AEh>K3','kspiteri@gmail.com',0,'female','Joshua',29.0006,2000),(180,61,20,'EnE8$U8$','cameron@mac.com',0,'male','Wyatt',18.8272,2500),(184,47,24,'7HyUTk6&','eurohack@gmail.com',0,'female','Sebastian',13.8823,3000),(161,52,29,'QCE5vR&D','maikelnai@gmail.com',0,'female','Owen',20.061,2500),(160,40,35,'KSetRv?7','tfinniga@icloud.com',0,'male','Caleb',15.625,3000),(150,90,18,'8>%^>hRW','dcoppit@att.net',0,'female','Nathan',40,2000),(171,89,19,'c4SA^#wk','jbarta@live.com',0,'male','Ryan',30.4367,2000),(167,69,25,'7Z@rA6@D','henkp@sbcglobal.net',0,'male','Jack',24.7409,2500),(166,44,25,'3Sf3&CH?','ghost@att.net',0,'male','Hunter',15.9675,3000),(151,63,17,'~aX@?7#m','rwelty@hotmail.com',0,'female','Levi',27.6304,2000),(155,75,27,'NaJS&8TC','ryanshaw@comcast.net',0,'male','Christian',31.2175,2000),(172,66,22,'gD+bEH>7','graham@sbcglobal.net',0,'female','Jaxon',22.3094,2500),(145,64,33,'VXCHw&@6','choset@att.net',0,'male','Julian',30.44,2000),(188,70,35,'#>8y~+QH','mirod@hotmail.com',0,'female','Landon',19.8053,2500),(157,72,29,'@36T&VLZ','mthurn@live.com',0,'male','Grayson',29.2101,2000),(168,55,26,'D4u!+@aw','gregh@att.net',0,'female','Jonathan',19.487,2500),(182,51,31,'L8Dz3p$3','fatelk@verizon.net',0,'female','Isaiah',15.3967,3000),(189,45,16,'S6d&e>R9','oevans@yahoo.com',0,'male','Charles',12.5976,3000),(170,82,31,'We%RG2$j','lahvak@optonline.net',0,'female','Thomas',28.3737,2000),(165,74,27,'p5RPGB~>','mschwartz@me.com',0,'male','Aaron',27.1809,2000),(183,57,17,'QkP&7#5g','rgarcia@aol.com',0,'male','Eli',17.0205,3000),(148,83,20,'@BNMmG?7','seano@optonline.net',0,'male','Connor',37.8926,2000),(156,60,24,'2Nv^m9!~','ramollin@comcast.net',0,'female','Jeremiah',24.6548,2500),(190,68,29,'Q2+FNkVr','vertigo@live.com',0,'male','Cameron',18.8366,2500),(169,71,35,'4atD>Z5C','jbuchana@optonline.net',0,'female','Josiah',24.8591,2500),(175,73,18,'bpn2$N^w','murdocj@outlook.com',0,'male','Adrian',23.8367,2500),(181,53,19,'mC59HH@s','malattia@optonline.net',0,'female','Colton',16.1778,3000),(147,48,25,'$$9Up4Dh','jbryan@comcast.net',0,'male','Jordan',22.213,2500),(178,49,25,'NUct~3Rn','stinson@optonline.net',0,'female','Brayden',15.4652,3000),(163,58,17,'P?2D~h2z','matty@gmail.com',0,'female','Nicholas',21.83,2500),(146,56,27,'QkAA6M@p','ahuillet@hotmail.com',0,'male','Robert',26.2713,2000),(152,41,22,'Kudr2^Yd','rfisher@gmail.com',0,'female','Angel',17.7458,3000),(176,77,33,'C7?A5wbr','knorr@sbcglobal.net',0,'male','Hudson',24.858,2500),(173,42,35,'2RDBdLu+','ournews@verizon.net',0,'male','Lincoln',14.0332,3000),(187,43,29,'#T%YD4!K','augusto@live.com',0,'male','Evan',12.2966,3000),(149,79,26,'6q%M7>Ym','syrinx@hotmail.com',0,'female','Dominic',35.584,2000),(186,59,31,'7DFUnpT^','stinson@optonline.net',0,'male','Austin',17.054,3000),(162,67,16,'$4GKSKZ%','kohlis@mac.com',0,'female','Gavin',25.5296,2000),(174,50,31,'BHwZY7&V','miyop@msn.com',0,'male','Nolan',16.5147,3000),(179,81,27,'AGQ6F2!B','mglee@comcast.net',0,'female','Parker',25.2801,2000),(158,88,17,'U3FL?aAf','bartak@me.com',0,'male','Adam',35.2508,2000),(154,62,20,'3&ysmW#K','forsberg@mac.com',0,'female','Chase',26.1427,2000),(185,80,24,'vag+?nH4','gommix@msn.com',0,'female','Jace',23.3747,2500),(153,84,29,'nR5hbXf~','jacks@icloud.com',0,'male','Ian',35.8836,2000),(159,76,35,'zp7$~^Kk','henkp@me.com',0,'female','Cooper',30.0621,2000),(177,87,18,'&!8FJ#D+','mhouston@mac.com',0,'male','Easton',27.7698,2000),(164,85,19,'?^KaUe6L','ghost@verizon.net',0,'male','Kevin',31.6032,2000),(180,65,25,'#6t>L&Kr','frikazoyd@mac.com',0,'male','Jose',20.0617,2500),(184,54,25,'XjUq&j9z','lamprecht@msn.com',0,'female','Tyler',15.9499,3000),(161,46,17,'D%?%k9DM','marnanel@icloud.com',0,'male','Brandon',17.7462,3000),(160,78,27,'SZCp82r@','harpes@outlook.com',0,'female','Asher',30.4688,2000),(150,61,22,'D!s~L2MD','rfisher@mac.com',0,'male','Jaxson',27.1111,2000),(171,47,33,'z4U$w2&2','gslondon@me.com',0,'female','Mateo',16.0733,3000),(167,52,35,'#DZ3vY^t','rfoley@hotmail.com',0,'male','Jason',18.6453,2500),(166,40,29,'J3u&P5FR','nighthawk@gmail.com',0,'female','Ayden',14.5159,3000),(151,90,26,'9GY4!WP#','augusto@verizon.net',0,'female','Zachary',39.472,2000),(155,89,31,'R3cB4~yD','hillct@msn.com',0,'male','Carson',37.0447,2000),(172,69,16,'L4g!3p+V','jramio@sbcglobal.net',0,'female','Xavier',23.3234,2500),(145,44,31,'DWe4Cy>r','fudrucker@mac.com',0,'male','Leo',20.9275,2500),(188,63,27,'rW?ga!4#','dwsauder@live.com',0,'male','Ezra',17.8248,3000),(157,75,17,'>w!YP$4A','bdbrown@sbcglobal.net',0,'male','Bentley',30.4272,2000),(168,66,20,'>G8MhCuC','warrior@gmail.com',0,'female','Sawyer',23.3844,2500),(182,64,24,'?H5MW29n','helger@optonline.net',0,'male','Kayden',19.3213,2500),(189,70,29,'vU!8z%6C','lukka@comcast.net',0,'female','Blake',19.5963,2500),(170,72,35,'Scd2E#f8','sjmuir@sbcglobal.net',0,'male','Nathaniel',24.9135,2000),(165,55,18,'J!3#+NMD','samavati@comcast.net',0,'female','Ryder',20.202,2500),(183,51,19,'&n2BmL%x','ahmad@gmail.com',0,'male','Theodore',15.2289,3000),(148,45,25,'2fUu~YC7','damian@mac.com',0,'female','Elias',20.5442,2500),(156,77,25,'6SYscR$E','drewf@live.com',0,'female','Tristan',31.6404,2000),(190,42,17,'a9D%Gk8^','aukjan@sbcglobal.net',0,'male','Roman',11.6343,3000),(169,43,27,'?!vSN2+L','fraterk@comcast.net',0,'female','Leonardo',15.0555,3000),(175,79,22,'NMW84Q&e','gator@att.net',0,'male','Camden',25.7959,2000),(181,59,33,'M6#+#Kab','dbanarse@sbcglobal.net',0,'male','Brody',18.0092,3000),(147,67,35,'3>?jEA~R','dmiller@mac.com',0,'male','Luis',31.0056,2000),(178,50,29,'q^6QNUG^','nimaclea@me.com',0,'female','Miles',15.7808,3000),(163,81,26,'sW2ZEk3~','seurat@hotmail.com',0,'male','Micah',30.4867,2000),(146,88,31,'g?j6Z8^E','dbanarse@live.com',0,'female','Vincent',41.2835,2000),(152,62,16,'NF!nEg9B','gavollink@sbcglobal.net',0,'male','Justin',26.8352,2000),(176,80,31,'DNe?Sr9+','jbarta@comcast.net',0,'female','Greyson',25.8264,2000),(173,84,27,'N#6u%dr6','bradl@comcast.net',0,'male','Declan',28.0664,2000),(187,76,17,'ZxhA7Hq?','barjam@yahoo.com',0,'female','Maxwell',21.7335,2500),(149,87,20,'4fd+beHC','dalamb@verizon.net',0,'female','Juan',39.1874,2000),(186,85,24,'yh#%B86k','avalon@optonline.net',0,'male','Cole',24.5693,2500),(162,65,29,'7+Lv&u~5','skippy@comcast.net',0,'female','Damian',24.7676,2500),(174,54,35,'99!F5>>q','duchamp@yahoo.com',0,'male','Carlos',17.8359,3000),(179,46,18,'57xTP>WG','grinder@comcast.net',0,'male','Max',14.3566,3000),(158,78,19,'U#8mGDRM','aglassis@outlook.com',0,'male','Harrison',31.245,2000),(154,61,25,'VhAEP@s6','nasor@outlook.com',0,'female','Weston',25.721,2000),(185,47,25,'9sP#!cd7','rohitm@yahoo.ca',0,'male','Brantley',13.7327,3000),(153,52,17,'?Wx3PVH4','maratb@sbcglobal.net',0,'female','Braxton',22.2137,2500),(159,40,27,'S>5sDV&G','martyloo@aol.com',0,'male','Axel',15.8222,3000),(177,90,22,'4VEx4rG#','mnemonic@optonline.net',0,'female','Diego',28.7274,2000),(164,89,33,'&%TD#&L4','meinkej@icloud.com',0,'male','Abel',33.0904,2000),(180,69,35,'JY8u2!5K','speeves@me.com',0,'female','Wesley',21.2963,2500),(184,44,29,'bv7UC@HS','murdocj@comcast.net',0,'female','Santiago',12.9962,3000),(161,63,26,'~5gAwJ$J','alastair@att.net',0,'male','Jesus',24.3046,2500),(160,75,31,'!BK9j+&f','bescoto@sbcglobal.net',0,'female','Silas',29.2969,2000),(150,66,16,'7+33f~5S','josephw@icloud.com',0,'male','Giovanni',29.3333,2000),(171,64,31,'+>R4rJ!f','rbarreira@aol.com',0,'male','Bryce',21.8871,2500),(167,70,27,'LaY!B%28','pemungkah@gmail.com',0,'male','Jayce',25.0995,2000),(166,51,17,'tC!9j8GP','dkeeler@msn.com',0,'female','Bryson',18.5078,2500),(151,45,20,'h5#@XA2G','pappp@live.com',0,'male','Alex',19.736,2500),(155,77,24,'j%9w#V?Q','rddesign@msn.com',0,'female','Everett',32.0499,2000),(172,42,29,'4+^3xxKX','yzheng@outlook.com',0,'male','George',14.1969,3000),(145,43,35,'sbD$66D8','josem@icloud.com',0,'female','Eric',20.4518,2500),(188,79,18,'zx2pJ+2H','cvrcek@verizon.net',0,'male','Ivan',22.3517,2500),(157,59,19,'8V+q5hEg','trygstad@outlook.com',0,'female','Emmett',23.9361,2500),(168,67,25,'y4+VZ7FL','noahb@sbcglobal.net',0,'female','Kaiden',23.7387,2500),(182,50,25,'+q7>F8t6','petersko@att.net',0,'male','Ashton',15.0948,3000),(189,81,17,'#6+XUfD%','pgottsch@live.com',0,'female','Kingston',22.6757,2500),(170,88,27,'EMe9~>hZ','mallanmba@icloud.com',0,'male','Jonah',30.4498,2000),(165,62,22,'9X8!&H$f','birddog@optonline.net',0,'male','Jameson',22.7732,2500),(183,80,33,'G@FFda6y','mwandel@aol.com',0,'male','Kai',23.8884,2500),(148,84,35,'FU4Ed~#T','quantaman@gmail.com',0,'female','Maddox',38.3492,2000),(156,76,29,'j+D89QVy','emcleod@sbcglobal.net',0,'male','Timothy',31.2295,2000),(190,87,26,'?9MEFB9s','zilla@live.com',0,'female','Ezekiel',24.0997,2500),(169,85,31,'G%Nz4367','wsnyder@comcast.net',0,'male','Ryker',29.7609,2000),(175,65,16,'uFQ4aTD?','catalog@optonline.net',0,'female','Emmanuel',21.2245,2500),(181,54,31,'P6>r?v9^','bartak@hotmail.com',0,'male','Hayden',16.483,3000),(147,46,27,'RQB3~zW>','rwelty@yahoo.ca',0,'female','Antonio',21.2874,2500),(178,78,17,'DMU~SRu9','hermes@hotmail.com',0,'female','Bennett',24.6181,2500),(163,61,20,'pKRD3eB+','moinefou@optonline.net',0,'male','Steven',22.9591,2500),(146,47,24,'d4A+D4L$','purvis@me.com',0,'female','Richard',22.0492,2500),(152,52,29,'+yEY3BFv','lukka@optonline.net',0,'male','Jude',22.5069,2500),(176,40,35,'s6QPK#+!','aardo@aol.com',0,'male','Luca',12.9132,3000),(173,90,18,'dqDT2&%6','jaarnial@comcast.net',0,'male','Edward',30.0712,2000),(187,66,19,'2!7ND~+t','ramollin@gmail.com',0,'female','Joel',18.8739,2500),(149,64,25,'~sLbf+3t','jonadab@optonline.net',0,'male','Victor',28.8275,2000),(186,70,25,'33Q@aykF','seurat@me.com',0,'female','Miguel',20.2336,2500),(162,51,17,'6pfYV8&~','mgemmons@mac.com',0,'male','Malachi',19.433,2500),(174,45,27,'Dtu2$+Jc','dwsauder@me.com',0,'female','King',14.8633,3000),(179,77,22,'^mJ>J6$B','mglee@live.com',0,'male','Patrick',24.0317,2500),(158,42,33,'t69^RNsD','bhtower@me.com',0,'female','Kaleb',16.8242,3000),(154,43,35,'55e~9B%T','dinther@sbcglobal.net',0,'female','Bryan',18.1312,3000),(185,79,29,'E~Krb&z2','dleconte@optonline.net',0,'male','Alan',23.0825,2500),(153,59,26,'VDh?$3RX','geekoid@live.com',0,'female','Marcus',25.204,2000),(159,67,31,'Q@DPP6?~','morain@me.com',0,'male','Preston',26.5021,2000),(177,50,16,'%9@ygCgQ','punkis@gmail.com',0,'male','Abraham',15.9597,3000),(164,81,31,'W+3@UH8L','dmouse@gmail.com',0,'male','Calvin',30.116,2000),(180,88,27,'u5XQUGc?','zeller@icloud.com',0,'female','Colin',27.1605,2000),(184,62,17,'ApE4RyF>','euice@optonline.net',0,'male','Bradley',18.3129,3000),(161,80,20,'K&L!q7n6','moinefou@verizon.net',0,'female','Jeremy',30.863,2000),(160,84,24,'DW$+%+99','osaru@att.net',0,'male','Kyle',32.8125,2000),(150,76,29,'zw8$%Luj','mrsam@outlook.com',0,'female','Graham',33.7778,2000),(171,87,35,'BT?7eP2C','vlefevre@icloud.com',0,'male','Grant',29.7527,2000),(167,85,18,'swg#S9Y%','conteb@icloud.com',0,'female','Jesse',30.478,2000),(166,65,19,'6S$ECBA?','drolsky@hotmail.com',0,'female','Kaden',23.5883,2500),(151,54,25,'7k^p@emZ','ribet@att.net',0,'male','Alejandro',23.6832,2500),(155,46,25,'C@7K$rj4','hermanab@outlook.com',0,'female','Oscar',19.1467,2500),(172,78,17,'NmKD#3+8','augusto@live.com',0,'male','Jase',26.3656,2000),(145,61,27,'83CSA>LE','sriha@comcast.net',0,'male','Karter',29.0131,2000),(188,47,22,'!xB@79~F','kalpol@gmail.com',0,'male','Maverick',13.2979,3000),(157,80,33,'?QNa~v9T','cgcra@me.com',0,'female','Aidan',32.4557,2000),(168,84,35,'9fpZLV%X','scottzed@me.com',0,'male','Tucker',29.7619,2000),(182,76,29,'6d7R&QU&','corrada@yahoo.ca',0,'female','Avery',22.9441,2500),(189,87,26,'DJ?&JZ5#','ahmad@icloud.com',0,'male','Amir',24.3554,2500),(170,85,31,'5+DRnd3M','parksh@gmail.com',0,'female','Brian',29.4118,2000),(165,65,16,'!@4%Z7Q~','hyper@verizon.net',0,'male','Iker',23.8751,2500),(183,54,31,'V33@f+mB','subir@hotmail.com',0,'female','Matteo',16.1247,3000),(148,46,27,'Argyw%@5','jtorkbob@aol.com',0,'female','Caden',21.0007,2500),(156,78,17,'@v?6zAP6','sriha@hotmail.com',0,'male','Zayden',32.0513,2000),(190,61,20,'y4Ek^xH2','jmgomez@outlook.com',0,'female','Riley',16.8975,3000),(169,47,24,'b@nq?T7t','fmtbebuck@hotmail.com',0,'male','August',16.456,3000),(175,52,29,'$22UtZjB','heckerman@me.com',0,'male','Mark',16.9796,3000),(181,40,35,'fA+jT85z','philb@icloud.com',0,'male','Maximus',12.2096,3000),(147,90,18,'4Z&5^Nhb','mbrown@msn.com',0,'female','Brady',41.6493,2000),(178,89,19,'6zM%V8Gk','joehall@att.net',0,'male','Kenneth',28.0899,2000),(163,69,25,'Cb%uAHy9','flavell@verizon.net',0,'female','Paul',25.9701,2000),(146,44,25,'~H7+%Rwb','dawnsong@yahoo.com',0,'male','Jaden',20.6418,2500),(152,63,17,'^$+#H>24','nweaver@gmail.com',0,'female','Nicolas',27.268,2000),(176,75,27,'5!zRqT#9','nweaver@optonline.net',0,'male','Beau',24.2123,2500),(173,66,22,'kEDG5cn&','uncled@gmail.com',0,'female','Dean',22.0522,2500),(187,64,33,'^dDNG5#q','suresh@outlook.com',0,'female','Jake',18.3019,3000),(149,70,35,'4XdSkd#q','ahmad@msn.com',0,'male','Peter',31.5301,2000),(186,72,29,'+KVHCCq4','rasca@verizon.net',0,'female','Xander',20.8117,2500),(162,55,26,'3LjV&S%v','chrisj@outlook.com',0,'male','Elliot',20.9572,2500),(174,51,31,'&#G3$P9z','stakasa@icloud.com',0,'male','Finn',16.845,3000),(179,45,16,'R^5K!!E>','citizenl@comcast.net',0,'male','Derek',14.0445,3000),(158,77,31,'ZG>LU?92','preneel@aol.com',0,'female','Sean',30.8444,2000),(154,42,27,'#NRS>6MQ','errxn@outlook.com',0,'male','Cayden',17.7096,3000),(185,43,17,'7XWQ^v^U','wsnyder@live.com',0,'female','Elliott',12.5639,3000),(153,79,20,'r9@xZLVs','kayvonf@yahoo.ca',0,'male','Jax',33.7477,2000),(159,59,24,'yz%t4Z6+','lridener@aol.com',0,'female','Jasper',23.3377,2500),(177,67,29,'Q8LqG$F?','wilsonpm@sbcglobal.net',0,'male','Lorenzo',21.3859,2500),(164,50,35,'2Xe@$6uV','sriha@sbcglobal.net',0,'female','Omar',18.5901,2500),(180,81,18,'Q69+CTXb','mhouston@sbcglobal.net',0,'female','Beckett',25,2000),(184,88,19,'^jL+B>4D','rfisher@comcast.net',0,'male','Rowan',25.9924,2000),(161,62,25,'wqDFP+L8','larry@yahoo.ca',0,'female','Gael',23.9188,2500),(160,80,25,'@A8$%7NX','carreras@comcast.net',0,'male','Corbin',31.25,2000),(150,84,17,'$e72Ht!4','kildjean@outlook.com',0,'male','Waylon',37.3333,2000),(171,76,27,'73ba^KRT','crowemojo@yahoo.ca',0,'male','Myles',25.9909,2000),(167,87,22,'HdnZ+^68','unreal@outlook.com',0,'female','Tanner',31.1951,2000),(166,85,33,'Wx^D4%eD','darin@yahoo.com',0,'male','Jorge',30.8463,2000),(151,65,35,'?~9EpPe^','frode@gmail.com',0,'female','Javier',28.5075,2000),(155,54,29,'N>>fY453','fmerges@yahoo.ca',0,'male','Zion',22.4766,2500),(172,46,26,'^HS>&7gf','dmath@outlook.com',0,'female','Andres',15.5489,3000),(145,78,31,'&8BaDY#S','sriha@gmail.com',0,'male','Charlie',37.0987,2000),(188,61,16,'@g8FSqbd','presoff@att.net',0,'female','Paxton',17.2589,3000),(157,47,31,'7yA$v+N4','okroeger@hotmail.com',0,'female','Emiliano',19.0677,2500),(168,52,27,'Ab8$2y#^','sinkou@yahoo.com',0,'male','Brooks',18.424,3000),(182,40,17,'UCh+4&?9','jcholewa@gmail.com',0,'female','Zane',12.0758,3000),(189,90,20,'?5DV&xJ$','lstaf@msn.com',0,'male','Simon',25.1953,2000),(170,66,24,'U@6w2S8?','fallorn@outlook.com',0,'male','Judah',22.8374,2500),(165,64,29,'s6qBJaa?','aprakash@gmail.com',0,'male','Griffin',23.5078,2500),(183,70,35,'7R7K^##e','pplinux@live.com',0,'female','Cody',20.9024,2500),(148,51,18,'PdPhX9+7','chrisk@gmail.com',0,'male','Gunner',23.2834,2500),(156,45,19,'%Pv943K8','engelen@optonline.net',0,'female','Dawson',18.4911,3000),(190,77,25,'D?d8URD@','bryanw@hotmail.com',0,'male','Israel',21.3296,2500),(169,42,25,'UJ37~y8P','salesgeek@outlook.com',0,'female','Rylan',14.7054,3000),(175,43,17,'&2AD#6CS','malin@outlook.com',0,'male','Gage',14.0408,3000),(181,79,27,'@H8Dy$>&','syrinx@optonline.net',0,'female','Messiah',24.114,2500),(147,59,22,'KhtJ#f5N','padme@yahoo.ca',0,'female','River',27.3034,2000),(178,67,33,'8#d&YB!A','jaffe@icloud.com',0,'male','Kameron',21.1463,2500),(163,50,35,'sWm8$BDr','guialbu@me.com',0,'female','Stephen',18.8189,2500),(146,81,29,'RL#V2pTY','weazelman@verizon.net',0,'male','Francisco',37.9996,2000),(152,88,26,'cvPvC&6X','quantaman@hotmail.com',0,'male','Clayton',38.0886,2000),(176,62,31,'M2^#7M8U','mhouston@outlook.com',0,'male','Zander',20.0155,2500),(173,80,16,'c5AZ+mtS','rcwil@optonline.net',0,'female','Chance',26.7299,2000),(187,84,31,'U%7H#m4v','xnormal@comcast.net',0,'male','Eduardo',24.0213,2500),(149,76,27,'7>3RGDZ3','eminence@yahoo.ca',0,'female','Spencer',34.2327,2000),(186,87,17,'4d8X7dc$','cfhsoft@comcast.net',0,'male','Lukas',25.1474,2000),(162,85,20,'A%Ah6tJ!','policies@comcast.net',0,'female','Damien',32.3884,2000),(174,65,24,'Tc~Lt5!$','bradl@optonline.net',0,'male','Dallas',21.4692,2500),(179,54,29,'67zPNkc#','jacks@sbcglobal.net',0,'female','Conner',16.8534,3000),(158,46,35,'k6USTd@M','phizntrg@hotmail.com',0,'female','Travis',18.4265,3000),(154,78,18,'Tz9%hq!F','telbij@msn.com',0,'male','Knox',32.8892,2000),(185,61,19,'L79n^M$3','hoyer@hotmail.com',0,'female','Raymond',17.8232,3000),(153,47,25,'pK%UvkT4','moonlapse@outlook.com',0,'male','Peyton',20.0777,2500),(159,80,25,'Uvp5LM+d','pierce@live.com',0,'male','Devin',31.6443,2000),(177,84,17,'Dv$CQ&f9','stellaau@optonline.net',0,'male','Felix',26.8122,2000),(164,76,27,'~^RL9dM#','symbolic@me.com',0,'female','Jayceon',28.257,2000),(180,87,22,'GeL2~8>z','jbuchana@optonline.net',0,'male','Collin',26.8519,2000),(184,85,33,'D?~2d!y4','pierce@verizon.net',0,'female','Amari',25.1063,2000),(161,65,35,'d#523!fL','lukka@optonline.net',0,'male','Erick',25.0762,2000),(160,54,29,'!vE6S3GR','satch@me.com',0,'female','Cash',21.0938,2500),(150,46,26,'JW?7?KW2','kildjean@msn.com',0,'male','Jaiden',20.4444,2500),(171,78,31,'+FH7wD9K','jorgb@att.net',0,'female','Fernando',26.6749,2000),(167,61,16,'RX2EL#g!','wsnyder@me.com',0,'female','Cristian',21.8724,2500),(166,47,31,'zFRz&823','yangyan@verizon.net',0,'male','Josue',17.0562,3000),(151,52,27,'4JBSpTB@','curly@msn.com',0,'female','Keegan',22.806,2500),(155,40,17,'p$7L6!RR','tezbo@verizon.net',0,'male','Garrett',16.6493,3000),(172,90,20,'83L6D~+C','wsnyder@msn.com',0,'male','Rhett',30.4219,2000),(145,89,24,'B3zC$n@^','ryanshaw@aol.com',0,'male','Ricardo',42.3306,2000),(188,69,29,'AX^y3WFu','petersen@me.com',0,'female','Martin',19.5224,2500),(157,44,35,'5QBqa#+H','kmself@yahoo.com',0,'male','Reid',17.8506,3000),(168,63,18,'$A&ZNQ?4','schwaang@me.com',0,'female','Seth',22.3214,2500),(182,75,19,'LH~83&ea','zyghom@sbcglobal.net',0,'male','Andre',22.6422,2500),(189,66,25,'7Dg%h3c^','ardagna@gmail.com',0,'female','Cesar',18.4765,3000),(170,64,25,'Ab^r+cW6','gslondon@yahoo.ca',0,'male','Titus',22.1453,2500),(165,70,17,'KH+d@G9b','whimsy@live.com',0,'female','Donovan',25.7117,2000),(183,72,27,'#bJ6ndKK','malattia@icloud.com',0,'female','Manuel',21.4996,2500),(148,55,22,'NkQ+7?mf','liedra@hotmail.com',0,'male','Mario',25.1096,2000),(156,51,33,'w4FcE9H!','janneh@yahoo.ca',0,'female','Caiden',20.9566,2500),(190,82,35,'UF5s^A@K','policies@live.com',0,'male','Adriel',22.7147,2500),(169,74,29,'9j%RK#Da','fwitness@icloud.com',0,'male','Kyler',25.9095,2000),(175,57,26,'S6CJC>bd','slanglois@gmail.com',0,'male','Milo',18.6122,2500),(181,83,31,'#WQc5uq?','jsbach@me.com',0,'female','Archer',25.335,2000),(147,60,16,'z4&&X#eA','cameron@comcast.net',0,'male','Jeffrey',27.7662,2000),(178,68,31,'%%4yDzDR','dkasak@aol.com',0,'female','Holden',21.4619,2500),(163,71,27,'DG!5FDVR','bonmots@comcast.net',0,'male','Arthur',26.7229,2000),(146,73,17,'8df%Yu2n','pakaste@msn.com',0,'female','Karson',34.2466,2000),(152,53,20,'$3duT?8D','frosal@hotmail.com',0,'male','Rafael',22.9398,2500),(176,48,24,'Y!Pg@47u','rgarton@live.com',0,'female','Shane',15.4959,3000),(173,49,29,'Vvdr9?zp','marioph@aol.com',0,'female','Lane',16.3721,3000),(187,58,35,'~%B3mV9#','tangsh@me.com',0,'male','Louis',16.5861,3000),(149,56,18,'QA~n2PAj','galbra@hotmail.com',0,'female','Angelo',25.2241,2000),(186,41,19,'h~8MPsQ+','webinc@gmail.com',0,'male','Remington',11.8511,3000),(162,77,25,'AP~5cCaD','kobayasi@sbcglobal.net',0,'male','Troy',29.34,2000),(174,42,25,'8@fE@BXf','gtaylor@att.net',0,'male','Emerson',13.8724,3000),(179,43,17,'uCPC79v$','flaviog@icloud.com',0,'female','Maximiliano',13.4203,3000),(158,79,27,'UYtA#3J3','kwilliams@comcast.net',0,'male','Hector',31.6456,2000),(154,59,22,'EKQ$xj3L','msroth@sbcglobal.net',0,'female','Emilio',24.8777,2500),(185,67,33,'$7XXfp@J','janusfury@verizon.net',0,'male','Anderson',19.5763,2500),(153,50,35,'%ZbBWQ9z','yangyan@hotmail.com',0,'female','Trevor',21.3593,2500),(159,81,29,'Ykn&e%Z4','violinhi@yahoo.ca',0,'male','Phoenix',32.0399,2000),(177,88,26,'4WeJj&#%','moinefou@me.com',0,'female','Walter',28.089,2000),(164,62,31,'QAJM&7%!','jbuchana@verizon.net',0,'female','Johnathan',23.0518,2500),(180,80,16,'3$?czd7F','wiseb@live.com',0,'male','Johnny',24.6914,2500),(184,84,31,'74#4tXaN','ryanshaw@gmail.com',0,'female','Edwin',24.811,2500),(161,76,27,'!D#ZD&q7','subir@verizon.net',0,'male','Julius',29.3199,2000),(160,87,17,'^8&#%R8D','parrt@aol.com',0,'male','Barrett',33.9844,2000),(150,85,20,'6vL+@HMY','oster@outlook.com',0,'male','Leon',37.7778,2000),(171,65,24,'X6+DbP49','dogdude@outlook.com',0,'female','Tyson',22.2291,2500),(167,54,29,'DZuTQ$$8','phizntrg@msn.com',0,'male','Tobias',19.3625,2500),(166,46,35,'^Y+k3&gk','maikelnai@comcast.net',0,'female','Edgar',16.6933,3000),(151,78,18,'H&Dj>d8#','cisugrad@icloud.com',0,'male','Dominick',34.209,2000),(155,61,19,'6G+6@GLU','ozawa@msn.com',0,'female','Marshall',25.3902,2000),(172,47,25,'Q>4!LkWR','dartlife@yahoo.com',0,'male','Marco',15.887,3000),(145,52,25,'?dP5qvZ!','breegster@sbcglobal.net',0,'female','Joaquin',24.7325,2500),(188,40,17,'2G2!hzyV','doormat@comcast.net',0,'female','Dante',11.3173,3000),(157,90,27,'UMy6>HGz','mwitte@live.com',0,'male','Andy',36.5126,2000),(168,89,22,'^^QrmtG3','nwiger@live.com',0,'female','Cruz',31.5334,2000),(182,69,33,'3+SkV2F3','pgolle@optonline.net',0,'male','Ali',20.8308,2500),(189,44,35,'M$Je4DXU','tjensen@att.net',0,'male','Finley',12.3177,3000),(170,63,29,'LdU8?y6&','jmgomez@att.net',0,'male','Dalton',21.7993,2500),(165,75,26,'Xp~4e&8$','mcmillan@comcast.net',0,'female','Gideon',27.5482,2000),(183,66,31,'F8f8!E&7','daveewart@me.com',0,'male','Reed',19.708,2500),(148,64,16,'GDj&Ja4S','luvirini@mac.com',0,'female','Enzo',29.2184,2000),(156,70,31,'+ARZ6Y+8','jschauma@yahoo.ca',0,'male','Sergio',28.764,2000),(190,72,27,'YJx7B$3V','okroeger@msn.com',0,'female','Jett',19.9446,2500),(169,55,17,'Sq?4QKXj','philen@optonline.net',0,'male','Thiago',19.257,2500),(175,51,20,'8+D$UP98','josem@me.com',0,'female','Kyrie',16.6531,3000),(181,45,24,'GR>pTkn2','manuals@msn.com',0,'female','Ronan',13.7358,3000),(147,82,29,'Ys2Ahy!x','kimvette@outlook.com',0,'male','Cohen',37.9472,2000),(178,74,35,'~4JqDgYD','madanm@att.net',0,'female','Colt',23.3556,2500),(163,57,18,'4SE~TA5^','zilla@optonline.net',0,'male','Erik',21.4536,2500),(146,83,19,'7Db?d9FU','fviegas@verizon.net',0,'male','Trenton',38.9379,2000),(152,60,25,'A2vm?8+!','hermes@msn.com',0,'male','Jared',25.9695,2000),(176,68,25,'qf2bAF>$','webinc@msn.com',0,'female','Walker',21.9525,2500),(173,71,17,'3?QmN4sN','matty@msn.com',0,'male','Landen',23.7228,2500),(187,73,27,'UA2nK!R?','eurohack@aol.com',0,'female','Alexis',20.8756,2500),(149,53,22,'V%!WS8DD','punkis@verizon.net',0,'male','Nash',23.8728,2500),(186,48,33,'SaCM#+w8','curly@icloud.com',0,'female','Jaylen',13.8744,3000),(162,49,35,'w+B@Ye7M','barjam@mac.com',0,'male','Gregory',18.6709,2500),(174,58,29,'8Y!M+T@8','yangyan@yahoo.com',0,'female','Emanuel',19.1571,2500),(179,56,26,'qCf6#H>+','josephw@verizon.net',0,'female','Killian',17.4776,3000),(158,41,31,'S6%?F3LV','choset@sbcglobal.net',0,'male','Allen',16.4237,3000),(154,77,16,'dpZw@5#Z','webteam@att.net',0,'female','Atticus',32.4675,2000),(185,42,31,'Wr64@$Cw','devphil@verizon.net',0,'male','Desmond',12.2717,3000),(153,43,27,'MJV7j@B$','dmouse@live.com',0,'male','Shawn',18.369,3000),(159,79,17,'7KPQ@R%m','wortmanj@sbcglobal.net',0,'male','Grady',31.2488,2000),(177,59,20,'DMR^$7$D','dexter@att.net',0,'female','Quinn',18.8324,2500),(164,67,24,'Ts7BBjN>','dawnsong@live.com',0,'male','Frank',24.9108,2000),(180,50,29,'hK8x#eRk','kodeman@icloud.com',0,'female','Fabian',15.4321,3000),(184,81,35,'wR6$T93n','catalog@mac.com',0,'male','Dakota',23.9249,2500),(161,88,18,'XgQ8%M@n','rtanter@sbcglobal.net',0,'female','Roberto',33.9493,2000),(160,62,19,'@9Mnh2+h','bhtower@live.com',0,'male','Beckham',24.2188,2500),(150,80,25,'rB#V>3Jv','schwaang@mac.com',0,'female','Major',35.5556,2000),(171,84,25,'Q5@j96Xd','gilmoure@att.net',0,'female','Skyler',28.7268,2000),(167,76,17,'~5d~5yHK','mfburgo@sbcglobal.net',0,'male','Nehemiah',27.2509,2000),(166,87,27,'MzwF3^zX','jgmyers@yahoo.com',0,'female','Drew',31.5721,2000),(151,85,22,'B4V+DH2#','jaxweb@icloud.com',0,'male','Cade',37.2791,2000),(155,65,33,'>RP5Hp8A','kspiteri@comcast.net',0,'male','Muhammad',27.0552,2000),(172,54,35,'NvG6AJ?%','mwandel@me.com',0,'male','Kendrick',18.2531,3000),(145,46,29,'yj+!A#92','nweaver@comcast.net',0,'female','Pedro',21.8787,2500),(188,78,26,'$JtAs%5#','sokol@hotmail.com',0,'male','Orion',22.0688,2500),(157,61,31,'$F3x$H!X','evilopie@mac.com',0,'female','Aden',24.7475,2500),(168,47,16,'8TV9QM$>','seanq@optonline.net',0,'male','Kamden',16.6525,3000),(182,52,31,'b?#45m3T','kevinm@att.net',0,'female','Ruben',15.6986,3000),(189,40,27,'&43Zx+vZ','mrsam@outlook.com',0,'male','Zaiden',11.1979,3000),(170,90,17,'3aG8B#2j','duchamp@icloud.com',0,'female','Clark',31.1419,2000),(165,89,20,'F2&6M>JL','quinn@yahoo.ca',0,'female','Noel',32.6905,2000),(183,69,24,'RA&D8@ZG','gator@verizon.net',0,'male','Porter',20.6038,2500),(148,44,29,'ds@?~V64','martyloo@comcast.net',0,'female','Solomon',20.0877,2500),(156,63,35,'n99$Zh5y','pavel@aol.com',0,'male','Romeo',25.8876,2000),(190,75,18,'Aupb&5X>','philb@yahoo.ca',0,'male','Rory',20.7756,2500),(169,66,19,'dWEx%j5r','aschmitz@icloud.com',0,'male','Malik',23.1084,2500),(175,64,25,'b##57W?s','gfxguy@sbcglobal.net',0,'female','Daxton',20.898,2500),(181,70,25,'7dr7K&tB','ganter@aol.com',0,'male','Leland',21.3669,2500),(147,72,17,'%vC$!#3M','godeke@live.com',0,'female','Kash',33.3195,2000),(178,55,27,'cBAk85&F','devphil@verizon.net',0,'male','Abram',17.3589,3000),(163,51,22,'AJ9%Jg73','timlinux@yahoo.ca',0,'female','Derrick',19.1953,2500),(146,45,33,'aJg24%U?','panolex@aol.com',0,'male','Kade',21.1109,2500),(152,77,35,'r?J4H>Yp','zilla@msn.com',0,'female','Gunnar',33.3276,2000),(176,42,29,'^Aut^+5Z','thaljef@live.com',0,'female','Prince',13.5589,3000),(173,43,26,'dMw7H??Z','hager@yahoo.ca',0,'male','Brendan',14.3673,3000),(187,79,31,'#d#SN9kr','bolow@comcast.net',0,'female','Leonel',22.5914,2500),(149,59,16,'8YrMg#Ec','yumpy@optonline.net',0,'male','Kason',26.5754,2000),(186,67,31,'mh37~+HC','mhoffman@hotmail.com',0,'male','Braylon',19.3664,2500),(162,50,27,'A#@n4SZX','avalon@yahoo.ca',0,'male','Legend',19.052,2500),(174,81,17,'?CYvE3nU','barjam@att.net',0,'female','Pablo',26.7539,2000),(179,88,20,'WAd6&SY2','penna@icloud.com',0,'male','Jay',27.4648,2000),(158,62,24,'+wfSRJh4','aibrahim@hotmail.com',0,'female','Adan',24.8358,2500),(154,80,29,'Ak@b?LJ4','bastian@yahoo.ca',0,'male','Jensen',33.7325,2000),(185,84,35,'W9^6CdhD','akoblin@outlook.com',0,'female','Esteban',24.5435,2500),(153,76,18,'m%8Sp3W>','gknauss@aol.com',0,'male','Kellan',32.4661,2000),(159,87,19,'Gy2#8Wh^','pajas@icloud.com',0,'female','Drake',34.4132,2000),(177,85,25,'NdW@T!w5','pavel@att.net',0,'female','Warren',27.1314,2000),(164,65,25,'dDp$SZ8S','eurohack@optonline.net',0,'male','Ismael',24.1672,2500),(180,54,17,'4hf#Kf>m','andersbr@mac.com',0,'female','Ari',16.6667,3000),(184,46,27,'Gz^Y#9sH','vlefevre@att.net',0,'male','Russell',13.587,3000),(161,78,22,'7F5GLQ#h','sravani@gmail.com',0,'male','Bruce',30.0914,2000),(160,61,33,'Tx!~mK5Q','joglo@yahoo.ca',0,'male','Finnegan',23.8281,2500),(150,47,35,'KF95Jj9?','luvirini@att.net',0,'female','Marcos',20.8889,2500),(171,52,29,'44pVUN@t','nweaver@mac.com',0,'male','Jayson',17.7832,3000),(167,40,26,'3DkX%EQN','mhoffman@comcast.net',0,'female','Theo',14.3426,3000),(166,90,31,'6>rUR^Ku','tamas@live.com',0,'male','Jaxton',32.6608,2000),(151,89,16,'EAeB^7k2','dougj@gmail.com',0,'female','Phillip',39.0334,2000),(155,69,31,'tDn&H5f8','thrymm@att.net',0,'male','Dexter',28.7201,2000),(172,44,27,'JH>wM7@H','gfxguy@live.com',0,'female','Braylen',14.8729,3000),(145,63,17,'e~VH!5U8','claesjac@mac.com',0,'female','Armando',29.9643,2000),(188,75,20,'UAg?+K!3','xnormal@me.com',0,'male','Braden',21.22,2500),(157,66,24,'9&%r@$cA','world@outlook.com',0,'female','Corey',26.7759,2000),(168,64,29,'&Uw>umM4','bhima@aol.com',0,'male','Kolton',22.6757,2500),(182,70,35,'5Ss#G2Gg','devphil@me.com',0,'male','Gerardo',21.1327,2500),(189,51,18,'3~&TSnQk','crusader@mac.com',0,'male','Ace',14.2773,3000),(170,45,19,'N4@JzYdD','lbaxter@icloud.com',0,'female','Ellis',15.5709,3000),(165,77,25,'u7RVE8u~','msloan@verizon.net',0,'male','Malcolm',28.2828,2000),(183,42,25,'w#CaFXc9','uncle@comcast.net',0,'female','Tate',12.5414,3000),(148,43,17,'+6%zTr@t','bryam@live.com',0,'male','Zachariah',19.6311,2500),(156,79,27,'2Q%Pjatg','ngedmond@optonline.net',0,'female','Chandler',32.4622,2000),(190,59,22,'t$~2a%HE','lishoy@hotmail.com',0,'male','Milan',16.3435,3000),(169,67,33,'C7+D?M4>','cantu@msn.com',0,'female','Keith',23.4586,2500),(175,50,35,'dF9M!pug','webinc@outlook.com',0,'female','Danny',16.3265,3000),(181,81,29,'#W&2Xcgs','jusdisgi@comcast.net',0,'male','Damon',24.7245,2500),(147,88,26,'+UX$?fv4','staffelb@sbcglobal.net',0,'female','Enrique',40.7238,2000),(178,62,31,'#c%Zyj2!','hager@comcast.net',0,'male','Jonas',19.5682,2500),(163,80,16,'pz9ghnW&','dougj@att.net',0,'male','Kane',30.1103,2000),(146,84,31,'r+8qbMH9','formis@gmail.com',0,'male','Princeton',39.407,2000),(152,76,27,'NE~46Ae3','mbrown@gmail.com',0,'female','Hugo',32.8947,2000),(176,87,17,'+s^eE2Ru','csilvers@gmail.com',0,'male','Ronald',28.0863,2000),(173,85,20,'4&Hw+EQ!','rafasgj@icloud.com',0,'female','Philip',28.4005,2000),(187,65,24,'sz&FU3!H','scato@verizon.net',0,'male','Ibrahim',18.5879,2500),(149,54,29,'&d>QSMC4','payned@icloud.com',0,'female','Kayson',24.3232,2500),(186,46,35,'9SB8T?Hd','wmszeliga@hotmail.com',0,'male','Maximilian',13.2963,3000),(162,78,18,'J47vXHV%','pizza@aol.com',0,'female','Lawson',29.7211,2000),(174,61,19,'?Q3$38JS','scitext@yahoo.ca',0,'female','Harvey',20.148,2500),(179,47,25,'>PU6Gzv+','ribet@aol.com',0,'male','Albert',14.6687,3000),(158,52,25,'>R4JdQPD','drolsky@outlook.com',0,'female','Donald',20.83,2500),(154,40,17,'DbyK5N#F','bmidd@comcast.net',0,'male','Raul',16.8663,3000),(185,90,27,'$5z~L%?^','mgreen@comcast.net',0,'male','Franklin',26.2966,2000),(153,66,22,'U>Hrg2?#','tfinniga@icloud.com',0,'male','Hendrix',28.1943,2000),(159,64,33,'Rs#65zt&','campbell@outlook.com',0,'female','Odin',25.3155,2000),(177,70,35,'KJ@gW3q?','jeteve@yahoo.com',0,'male','Brennan',22.3435,2500),(164,51,29,'9>S8kT!>','trygstad@comcast.net',0,'female','Jamison',18.9619,2500),(180,45,26,'B6%t6%pA','amimojo@mac.com',0,'male','Dillon',13.8889,3000),(184,77,31,'&nQP7arY','godeke@yahoo.com',0,'female','Brock',22.7434,2500),(161,42,16,'?D33d^rq','sherzodr@icloud.com',0,'male','Landyn',16.2031,3000),(160,43,31,'5D8Nnz^z','airship@mac.com',0,'female','Mohamed',16.7969,3000),(150,79,27,'TC9M!y5H','birddog@outlook.com',0,'female','Brycen',35.1111,2000),(171,59,17,'tWf8m+K+','bader@att.net',0,'male','Deacon',20.1771,2500),(167,67,20,'wLm$&7F>','saridder@yahoo.ca',0,'female','Colby',24.0238,2500),(166,50,24,'Y6ucGJ>5','johnbob@mac.com',0,'male','Alec',18.1449,3000),(151,81,29,'~WBe!5$L','cgcra@icloud.com',0,'male','Julio',35.5248,2000),(155,88,35,'wQLdN!G4','jbuchana@outlook.com',0,'male','Scott',36.6285,2000),(172,62,18,'@W%4yZk9','subir@aol.com',0,'female','Matias',20.9573,2500),(145,80,19,'2gzwUU~E','mosses@aol.com',0,'male','Sullivan',38.0499,2000),(188,84,25,'dWb+98CF','library@mac.com',0,'female','Rodrigo',23.7664,2500),(157,76,25,'wUW@b8!a','mahbub@me.com',0,'male','Cason',30.8329,2000),(168,87,17,'!%xME2WD','devphil@sbcglobal.net',0,'female','Taylor',30.8248,2000),(182,85,27,'cR8>%m5L','sinkou@yahoo.com',0,'male','Rocco',25.6612,2000),(189,65,22,'FP39+D!a','gommix@sbcglobal.net',0,'female','Nico',18.1966,3000),(170,54,33,'VPhc>N6&','world@icloud.com',0,'female','Royal',18.6851,2500),(165,46,35,'XMG7kB^9','liedra@sbcglobal.net',0,'male','Pierce',16.8962,3000),(183,78,29,'6NQYRmu?','jfriedl@icloud.com',0,'female','Augustus',23.2912,2500),(148,61,26,'7K2&ER>S','hakim@outlook.com',0,'male','Raiden',27.8488,2000),(156,47,31,'uCQ&S!>4','scitext@mac.com',0,'male','Kasen',19.313,2500),(190,80,16,'d374@jcB','mrsam@gmail.com',0,'male','Benson',22.1607,2500),(169,84,31,'d3Mkc?z>','martink@optonline.net',0,'female','Moses',29.4107,2000),(175,76,27,'E?9r3z9K','dimensio@mac.com',0,'male','Cyrus',24.8163,2500),(181,87,17,'Ccxd&@3D','satishr@icloud.com',0,'female','Raylan',26.556,2000),(147,85,20,'Cb^T72Z$','shang@att.net',0,'male','Davis',39.3355,2000),(178,65,24,'!7U+2WDT','noodles@verizon.net',0,'female','Khalil',20.5151,2500),(163,54,29,'7$8yJHzC','josephw@yahoo.ca',0,'male','Moises',20.3244,2500),(146,46,35,'J3%c2d+M','goldberg@optonline.net',0,'female','Conor',21.58,2500),(152,78,18,'~!CQdD9r','brainless@live.com',0,'female','Nikolai',33.7604,2000),(176,61,19,'S8!Tdx~W','markjugg@yahoo.com',0,'male','Alijah',19.6927,2500),(173,47,25,'UGp@EM9~','bruck@mac.com',0,'female','Mathew',15.7038,3000),(187,52,25,'58@W%YqY','mugwump@hotmail.com',0,'male','Keaton',14.8703,3000),(149,40,17,'dR~D~u58','raides@mac.com',0,'male','Francis',18.0172,3000),(186,90,27,'jE6qn5X+','salesgeek@hotmail.com',0,'male','Quentin',26.0146,2000),(162,89,22,'NsVK+uY8','torgox@me.com',0,'female','Ty',33.9125,2000),(174,69,33,'A#R>p9DR','tbmaddux@hotmail.com',0,'male','Jaime',22.7903,2500),(179,44,35,'9+BG~yD4','overbom@mac.com',0,'female','Ronin',13.7324,3000),(158,63,29,'xjA8YWS@','wainwrig@outlook.com',0,'male','Kian',25.2363,2000),(154,75,26,'%DQjJDa7','kawasaki@live.com',0,'female','Lennox',31.6242,2000),(185,66,31,'@>~8>BnA','philen@comcast.net',0,'male','Malakai',19.2841,2500),(153,64,16,'rC4M8gm^','webdragon@sbcglobal.net',0,'female','Atlas',27.3399,2000),(159,70,31,'q#6@D@Sr','stewwy@me.com',0,'female','Jerry',27.6888,2000),(177,72,27,'U8pb!g&5','benanov@hotmail.com',0,'male','Ryland',22.9819,2500),(164,55,17,'GhL8B#&X','kosact@me.com',0,'female','Ahmed',20.4491,2500),(180,51,20,'WZ7!&yZq','snunez@outlook.com',0,'male','Saul',15.7407,3000),(184,45,24,'!YGdT#2r','thomasj@outlook.com',0,'male','Sterling',13.2916,3000),(161,77,29,'FZH2d%sJ','lamprecht@msn.com',0,'male','Dennis',29.7056,2000),(160,42,35,'G8^qA8KU','dgriffith@sbcglobal.net',0,'female','Lawrence',16.4062,3000),(150,43,18,'%NZ4z5>Z','mdielmann@verizon.net',0,'male','Zayne',19.1111,2500),(171,79,19,'G4#&YBR&','parents@icloud.com',0,'female','Bodhi',27.0169,2000),(167,59,25,'a#RH4m>j','thassine@mac.com',0,'male','Arjun',21.1553,2500),(166,67,25,'^3SNsD2t','pmint@verizon.net',0,'female','Darius',24.3141,2500),(151,50,17,'K89V+X!g','durist@yahoo.ca',0,'male','Arlo',21.9289,2500),(155,81,27,'m~KJ>z5w','gmcgath@verizon.net',0,'female','Eden',33.7149,2000),(172,88,22,'VA!p@h4C','ubergeeb@outlook.com',0,'female','Tony',29.7458,2000),(145,62,33,'UErXD>85','fmerges@comcast.net',0,'male','Dustin',29.4887,2000),(188,80,35,'a3%3EqgB','jsmith@yahoo.ca',0,'female','Kellen',22.6347,2500),(157,84,29,'A+ZQT>#4','bachmann@comcast.net',0,'male','Chris',34.0785,2000),(168,76,26,'d9eC~>TL','delpino@icloud.com',0,'male','Mohammed',26.9274,2000),(182,87,31,'eJka3ZN^','melnik@hotmail.com',0,'male','Nasir',26.2649,2000),(189,85,16,'gD~j8n4$','singh@comcast.net',0,'female','Omari',23.7955,2500),(170,65,31,'Da$P>X~9','tromey@att.net',0,'male','Kieran',22.4914,2500),(165,54,27,'3PK?7~A2','rfisher@att.net',0,'female','Nixon',19.8347,2500),(183,46,17,'JP9qBA~@','comdig@optonline.net',0,'male','Rhys',13.7359,3000),(148,78,20,'HCY6ny@9','mwitte@optonline.net',0,'female','Armani',35.6099,2000),(156,61,24,'VDZ2s#aD','pfitza@comcast.net',0,'male','Arturo',25.0657,2000),(190,47,29,'#XeD~k6Q','kwilliams@sbcglobal.net',0,'female','Bowen',13.0194,3000),(169,52,35,'8Q>Nd+5G','rattenbt@aol.com',0,'female','Frederick',18.2066,3000),(175,40,18,'T?4@Z&87','offthelip@gmail.com',0,'male','Callen',13.0612,3000),(181,90,19,'MY@QXJ?5','mhanoh@gmail.com',0,'female','Leonidas',27.4717,2000),(147,66,25,'+7CdfT6N','satch@sbcglobal.net',0,'male','Remy',30.5428,2000),(178,64,25,'tVQc~5EV','purvis@msn.com',0,'male','Wade',20.1995,2500),(163,70,17,'#g%L82Ab','mjewell@verizon.net',0,'male','Luka',26.3465,2000),(146,51,27,'Zz9>7p?#','iapetus@msn.com',0,'female','Jakob',23.9257,2500),(152,45,22,'HD>^S4nR','harryh@yahoo.com',0,'male','Winston',19.4771,2500),(176,77,33,'PH>Tx2gE','drewf@hotmail.com',0,'female','Justice',24.858,2500),(173,42,35,'T!D>76AF','syrinx@comcast.net',0,'male','Alonzo',14.0332,3000),(187,43,29,'4?6%EtJ!','tfinniga@verizon.net',0,'female','Curtis',12.2966,3000),(149,79,26,'^9kF+VD6','njpayne@hotmail.com',0,'male','Aarav',35.584,2000),(186,59,31,'HrP4~Rc#','torgox@outlook.com',0,'female','Gustavo',17.054,3000),(162,67,16,'8Dp&8H!Z','jaarnial@hotmail.com',0,'female','Royce',25.5296,2000),(174,50,31,'Y~5U7$jw','jcholewa@optonline.net',0,'male','Asa',16.5147,3000),(179,81,27,'F4U%Zj9?','hamilton@sbcglobal.net',0,'female','Gannon',25.2801,2000),(158,88,17,'&Q9?NxZv','notaprguy@sbcglobal.net',0,'male','Kyson',35.2508,2000),(154,62,20,'8zUp@P^Z','eegsa@aol.com',0,'male','Hank',26.1427,2000),(185,80,24,'$!9R^?S8','aglassis@gmail.com',0,'male','Izaiah',23.3747,2500),(153,84,29,'7dNyP>CK','mgemmons@yahoo.ca',0,'female','Roy',35.8836,2000),(159,76,35,'6~F9D$87','sopwith@live.com',0,'male','Raphael',30.0621,2000),(177,87,18,'gfG!6%#X','isaacson@mac.com',0,'female','Luciano',27.7698,2000),(164,85,19,'&WQ!9vQ5','vmalik@optonline.net',0,'male','Hayes',31.6032,2000),(180,65,25,'LvPpqD@9','qmacro@att.net',0,'female','Case',20.0617,2500),(184,54,25,'>JDC!Z5~','drezet@optonline.net',0,'male','Darren',15.9499,3000),(161,46,17,'53QL%7U~','purvis@yahoo.com',0,'female','Mohammad',17.7462,3000),(160,78,27,'8+D3QZF8','empathy@aol.com',0,'female','Otto',30.4688,2000),(150,61,22,'2XJX^dVN','mwandel@comcast.net',0,'male','Layton',27.1111,2000),(171,47,33,'X9cv?FHK','gregh@yahoo.ca',0,'female','Isaias',16.0733,3000),(167,80,35,'6x#?SUd4','pemungkah@icloud.com',0,'male','Alberto',28.6851,2000),(166,84,29,'z7V92KN$','ganter@sbcglobal.net',0,'male','Jamari',30.4834,2000),(151,76,26,'3X!6sYKR','lydia@optonline.net',0,'male','Colten',33.3319,2000),(155,87,31,'&V4?dsv6','seurat@comcast.net',0,'female','Dax',36.2123,2000),(172,85,16,'P+Z7DhaC','mmccool@verizon.net',0,'male','Marvin',28.7317,2000),(145,65,31,'Lem44f@M','russotto@hotmail.com',0,'female','Casey',30.9156,2000),(188,54,27,'@xdE3%Yz','eminence@att.net',0,'male','Moshe',15.2784,3000),(157,46,17,'VKuq8#YH','sravani@att.net',0,'female','Johan',18.662,2500),(168,78,20,'k4hFE%$6','singh@att.net',0,'male','Sam',27.6361,2000),(182,61,24,'gc6Rev4@','augusto@msn.com',0,'female','Matthias',18.4156,3000),(189,47,29,'Q%94gHm#','yzheng@me.com',0,'female','Larry',13.1575,3000),(170,52,35,'7$D88Kc2','grdschl@hotmail.com',0,'male','Trey',17.9931,3000),(165,40,18,'s5@GuEDL','fwitness@live.com',0,'female','Devon',14.6924,3000),(183,90,19,'3B+c@dWQ','jimxugle@yahoo.com',0,'male','Trent',26.8745,2000),(148,89,25,'6^JVx3DQ','fwiles@icloud.com',0,'male','Mauricio',40.6318,2000),(156,69,25,'!dY&a$2S','grossman@sbcglobal.net',0,'male','Mathias',28.3531,2000),(190,44,17,'>fX4zr82','louise@mac.com',0,'female','Issac',12.1884,3000),(169,63,27,'5qKc%x6d','itstatus@live.com',0,'male','Dorian',22.0581,2500),(175,75,22,'~z?&4JAN','fairbank@att.net',0,'female','Gianni',24.4898,2500),(181,66,33,'D7J+$9QZ','jrifkin@verizon.net',0,'male','Ahmad',20.1459,2500),(147,64,35,'Y6@&~4TM','esokullu@verizon.net',0,'female','Nikolas',29.6173,2000),(178,70,29,'8R^t~Bvu','galbra@gmail.com',0,'male','Oakley',22.0932,2500),(163,72,26,'89j4rW?S','bigmauler@att.net',0,'female','Uriel',27.0993,2000),(146,55,31,'y4P?MSCd','sakusha@aol.com',0,'female','Lewis',25.8022,2000),(152,51,16,'t!ELRH3?','scotfl@sbcglobal.net',0,'male','Randy',22.0741,2500),(176,82,31,'&ZdpF3>3','claypool@live.com',0,'female','Cullen',26.4721,2000),(173,74,27,'~j#3U4Q~','msusa@msn.com',0,'male','Braydon',24.7252,2500),(187,57,17,'j?5PNW3J','evans@yahoo.com',0,'male','Ezequiel',16.3002,3000),(149,83,20,'dkQJJ8r$','ilyaz@live.com',0,'male','Reece',37.3857,2000),(186,60,24,'6>GPV7uR','gtewari@gmail.com',0,'female','Jimmy',17.343,3000),(162,68,29,'y6!P+@?2','library@outlook.com',0,'male','Crosby',25.9107,2000),(174,71,35,'2@u5N6v8','twoflower@me.com',0,'female','Soren',23.4509,2500),(179,73,18,'!+Lf3!Yh','tangsh@live.com',0,'male','Uriah',22.7833,2500),(158,53,19,'ff9vRSc&','adamk@gmail.com',0,'female','Roger',21.2306,2500),(154,48,25,'HuyK2%7Q','jsmith@comcast.net',0,'male','Nathanael',20.2395,2500),(185,49,25,'5jp?UHkD','ewaters@comcast.net',0,'female','Emmitt',14.317,3000),(153,58,17,'d@4WFWDX','msloan@hotmail.com',0,'female','Gary',24.7768,2500),(159,56,27,'&u52$Ev%','specprog@aol.com',0,'male','Rayan',22.151,2500),(177,41,22,'L5PKe8>J','frikazoyd@att.net',0,'female','Ricky',13.0869,3000),(164,77,33,'2W82Vf^%','fraser@me.com',0,'male','Mitchell',28.6288,2000),(180,42,35,'ck9!Mdb>','british@msn.com',0,'male','Roland',12.963,3000),(184,43,29,'7Bd~UD25','noahb@live.com',0,'male','Alfredo',12.7009,3000),(161,79,26,'4Zd%6y6~','niknejad@msn.com',0,'female','Cannon',30.4772,2000),(160,59,31,'@GBWsMr7','eurohack@outlook.com',0,'male','Jalen',23.0469,2500),(150,67,16,'N$nBT6YG','dmath@mac.com',0,'female','Tatum',29.7778,2000),(171,50,31,'EL3$jBYR','sisyphus@icloud.com',0,'male','Kobe',17.0993,3000),(167,81,27,'m&6@Qh7A','gommix@verizon.net',0,'female','Yusuf',29.0437,2000),(166,88,17,'NeczB@G3','hamilton@yahoo.ca',0,'male','Quinton',31.935,2000),(151,62,20,'P3DRK#5u','rande@yahoo.com',0,'female','Korbin',27.1918,2000),(155,80,24,'WW#JF9+7','scitext@hotmail.com',0,'female','Brayan',33.2986,2000),(172,84,29,'4Z?LbeK%','bryam@optonline.net',0,'male','Joe',28.3937,2000),(145,76,35,'2N7t%AWZ','benanov@yahoo.ca',0,'female','Byron',36.1474,2000),(188,87,18,'NME!5FPv','codex@att.net',0,'male','Ariel',24.6152,2500),(157,85,19,'yT4s&ZM#','denton@aol.com',0,'male','Quincy',34.4842,2000),(168,65,25,'48TW^&JQ','wikinerd@hotmail.com',0,'male','Carl',23.03,2500),(182,54,25,'EJ+Wwkc8','makarow@live.com',0,'female','Kristopher',16.3024,3000),(189,46,17,'m6jpC2@R','jsnover@yahoo.ca',0,'male','Alvin',12.8776,3000),(170,78,27,'@je&$Ya7','tlinden@hotmail.com',0,'female','Duke',26.9896,2000),(165,61,22,'NKaJ7%D2','panolex@att.net',0,'male','Lance',22.4059,2500),(183,47,33,'!hq79GWu','cisugrad@comcast.net',0,'female','London',14.0345,3000),(148,52,35,'Nd5Wy^SB','eidac@hotmail.com',0,'male','Jasiah',23.74,2500),(156,40,29,'d9PPB8?E','raines@me.com',0,'female','Boston',16.4366,3000),(190,90,26,'jr9!^PE7','nwiger@me.com',0,'female','Santino',24.9307,2000),(169,89,31,'D4H$GEK~','richard@yahoo.com',0,'male','Lennon',31.1614,2000),(175,69,16,'zv>2aBQD','srour@yahoo.ca',0,'female','Deandre',22.5306,2500),(181,44,31,'5M~wj39s','shaffei@aol.com',0,'male','Madden',13.4306,3000),(147,63,27,'YMk~+!J7','mcnihil@verizon.net',0,'male','Talon',29.1545,2000),(178,75,17,'hXwc57Q+','dkasak@hotmail.com',0,'male','Sylas',23.6713,2500),(163,66,20,'9E%kE>dr','frosal@icloud.com',0,'female','Orlando',24.841,2500),(146,64,24,'7w#gkVY5','aschmitz@mac.com',0,'male','Hamza',30.0244,2000),(152,70,29,'P6X?gQUu','jbryan@comcast.net',0,'female','Bo',30.2978,2000),(176,72,35,'~S6ZD8!X','pdbaby@aol.com',0,'male','Aldo',23.2438,2500),(173,55,18,'FH7~q9Bm','cmdrgravy@gmail.com',0,'female','Douglas',18.3768,3000),(187,51,19,'~A7YP>g2','slanglois@yahoo.ca',0,'male','Tristen',14.5843,3000),(149,45,25,'hT$A~pr3','jimmichie@sbcglobal.net',0,'female','Wilson',20.2694,2500),(186,82,25,'u4K4P?DC','tristan@verizon.net',0,'female','Maurice',23.7022,2500),(162,74,17,'D?&ndG7D','brbarret@att.net',0,'male','Samson',28.1969,2000),(174,57,27,'DVF5E&P+','tangsh@live.com',0,'female','Cayson',18.8268,2500),(179,83,22,'t7%>MAJ&','osaru@icloud.com',0,'male','Bryant',25.9043,2000),(158,60,33,'TW9kC7A>','spadkins@live.com',0,'male','Conrad',24.0346,2500),(154,68,35,'Frc>!U42','flaviog@live.com',0,'male','Dane',28.6726,2000),(185,71,29,'Xj>VA55z','mosses@hotmail.com',0,'female','Julien',20.7451,2500),(153,73,26,'j5RpMum?','ehood@outlook.com',0,'male','Sincere',31.1846,2000),(159,53,31,'b&Hh67N~','rtanter@msn.com',0,'female','Noe',20.9644,2500),(177,48,16,'57GFP+N%','geoffr@outlook.com',0,'male','Salvador',15.3213,3000),(164,49,31,'XC^2Ydh5','pakaste@att.net',0,'female','Nelson',18.2183,3000),(180,58,27,'q9%BM^C6','evans@yahoo.com',0,'male','Edison',17.9012,3000),(184,56,17,'eDE?H85a','wayward@yahoo.ca',0,'female','Ramon',16.5406,3000),(161,41,20,'Y6$$PDBB','benits@live.com',0,'female','Lucian',15.8173,3000),(160,77,24,'Ed4tWgn%','rafasgj@yahoo.ca',0,'male','Mekhi',30.0781,2000),(150,42,29,'D@pA6FE4','facet@att.net',0,'female','Niko',18.6667,2500),(171,43,35,'Kd%F53SH','doche@aol.com',0,'male','Ayaan',14.7054,3000),(167,79,18,'ZE$FR7%Z','ganter@outlook.com',0,'male','Vihaan',28.3266,2000),(166,59,19,'WMYQ6#Fj','luebke@live.com',0,'male','Neil',21.4109,2500),(151,67,25,'qP8v$TmX','lcheng@yahoo.ca',0,'female','Titan',29.3847,2000),(155,50,25,'294?Ur6Z','ullman@gmail.com',0,'male','Ernesto',20.8117,2500),(172,81,17,'e?EY26QG','sjmuir@live.com',0,'female','Brentley',27.3797,2000),(145,88,27,'Kp?Ajh+5','mschilli@aol.com',0,'male','Lionel',41.8549,2000),(188,62,22,'H$y5@kCJ','jshirley@aol.com',0,'female','Zayn',17.5419,3000),(157,80,33,'s8%CxA@A','bowmanbs@mac.com',0,'male','Dominik',32.4557,2000),(168,84,35,'~mWKcR8X','rafasgj@mac.com',0,'female','Cassius',29.7619,2000),(182,76,29,'p&>8S7v?','russotto@msn.com',0,'female','Rowen',22.9441,2500),(189,87,26,'K6!K2Lmn','oevans@sbcglobal.net',0,'male','Blaine',24.3554,2500),(170,85,31,'z$8WK$@P','cgreuter@comcast.net',0,'female','Sage',29.4118,2000),(165,65,16,'c5^WNyeu','janneh@gmail.com',0,'male','Kelvin',23.8751,2500),(183,54,31,'SXXcYW8!','denism@aol.com',0,'male','Jaxen',16.1247,3000),(148,46,27,'^d+3$L5w','mlewan@live.com',0,'male','Memphis',21.0007,2500),(156,78,17,'VJ^4C#4G','danny@me.com',0,'female','Leonard',32.0513,2000),(190,61,20,'E8Bp@h+%','dawnsong@gmail.com',0,'male','Abdullah',16.8975,3000),(169,47,24,'&$H&252@','singh@comcast.net',0,'female','Jacoby',16.456,3000),(175,52,29,'RYN9UJ@9','okroeger@comcast.net',0,'male','Allan',16.9796,3000),(181,40,35,'GW%77f&@','rasca@live.com',0,'female','Jagger',12.2096,3000),(147,90,18,'zL&TUJ9A','credmond@msn.com',0,'male','Yahir',41.6493,2000),(178,89,19,'~Z5VUeVQ','codex@live.com',0,'female','Forrest',28.0899,2000),(163,69,25,'E6$wAT~g','tkrotchko@hotmail.com',0,'female','Guillermo',25.9701,2000),(146,44,25,'K!%4CDqx','geekoid@msn.com',0,'male','Mack',20.6418,2500),(152,63,17,'^5yY7zjL','heckerman@aol.com',0,'female','Zechariah',27.268,2000),(176,75,27,'8$B8fKgQ','ozawa@comcast.net',0,'male','Harley',24.2123,2500),(173,66,22,'&uyDj!7Y','arachne@mac.com',0,'male','Terry',22.0522,2500),(187,64,33,'4D6L6#~$','chronos@optonline.net',0,'male','Kylan',18.3019,3000),(149,70,35,'k~FESm7T','denism@live.com',0,'female','Fletcher',31.5301,2000),(186,72,29,'ygB8WB&D','claypool@outlook.com',0,'male','Rohan',20.8117,2500),(162,55,26,'#B9PugGa','lishoy@live.com',0,'female','Eddie',20.9572,2500),(174,51,31,'tH@U&V8C','joehall@icloud.com',0,'male','Bronson',16.845,3000),(179,45,16,'>8&UmEaE','brickbat@gmail.com',0,'female','Jefferson',14.0445,3000),(158,77,31,'HC>6s5SY','morain@yahoo.ca',0,'male','Rayden',30.8444,2000),(154,42,27,'@+8A^TW7','bbirth@verizon.net',0,'female','Terrance',17.7096,3000),(185,43,17,'NdE3F^A@','nichoj@icloud.com',0,'female','Marc',12.5639,3000),(153,79,20,'fC$U4#Pd','dougj@mac.com',0,'male','Morgan',33.7477,2000),(159,59,24,'bqfMdX7>','kwilliams@yahoo.ca',0,'female','Valentino',23.3377,2500),(177,67,29,'&VXmt7^v','bescoto@mac.com',0,'male','Demetrius',21.3859,2500),(164,50,35,'#g6DnKSf','tbmaddux@aol.com',0,'male','Kristian',18.5901,2500),(180,81,18,'!&A3A8Cv','symbolic@icloud.com',0,'male','Hezekiah',25,2000),(184,88,19,'b3QnFBY?','simone@msn.com',0,'female','Lee',25.9924,2000),(161,62,25,'+C~9mUDY','jesse@outlook.com',0,'male','Alessandro',23.9188,2500),(160,80,25,'?u$7!L$V','imightb@msn.com',0,'female','Makai',31.25,2000),(150,84,17,'M%Aj&m38','krueger@optonline.net',0,'male','Rex',37.3333,2000),(171,76,27,'Kd&wzJ3w','phish@hotmail.com',0,'female','Callum',25.9909,2000),(167,87,22,'yH@8Tn2C','baveja@icloud.com',0,'male','Kamari',31.1951,2000),(166,85,33,'yCS?Gnv6','jnolan@live.com',0,'female','Casen',30.8463,2000),(151,65,35,'$@sV4e$M','heine@comcast.net',0,'female','Tripp',28.5075,2000),(155,54,29,'ad%$6KNV','rmcfarla@yahoo.ca',0,'male','Callan',22.4766,2500),(172,46,26,'7S2K>k6M','janneh@yahoo.com',0,'female','Stanley',15.5489,3000),(145,78,31,'8G?mY4fm','sravani@comcast.net',0,'male','Toby',37.0987,2000),(188,61,16,'!34$8xZV','fviegas@me.com',0,'male','Elian',17.2589,3000),(157,47,31,'H5M5r+^s','tjensen@yahoo.com',0,'male','Langston',19.0677,2500),(168,52,27,'4&?4VX!B','baveja@sbcglobal.net',0,'female','Melvin',18.424,3000),(182,40,17,'BWz?>9cc','kramulous@mac.com',0,'male','Payton',12.0758,3000),(189,90,20,'DdxaD!T3','kimvette@sbcglobal.net',0,'female','Flynn',25.1953,2000),(170,89,24,'dH83Z>Y^','lcheng@me.com',0,'male','Jamir',30.7958,2000),(165,69,29,'D5#TvcjD','mhassel@msn.com',0,'female','Kyree',25.3444,2000),(183,44,35,'&G296gz%','smartfart@gmail.com',0,'male','Aryan',13.1386,3000),(148,63,18,'%sU@+>N9','jandrese@yahoo.com',0,'female','Axton',28.7619,2000),(156,75,19,'swfB78~M','dmiller@verizon.net',0,'female','Azariah',30.8185,2000),(190,66,25,'m?bzfwT5','jipsen@sbcglobal.net',0,'male','Branson',18.2825,3000),(169,64,25,'S^5fwADH','keiji@mac.com',0,'female','Reese',22.4082,2500),(175,70,17,'~bNFdNh8','bryam@outlook.com',0,'male','Adonis',22.8571,2500),(181,51,27,'!hACWGT6','wojciech@mac.com',0,'male','Thaddeus',15.5673,3000),(147,45,22,'6aS!jdw4','comdig@optonline.net',0,'male','Zeke',20.8247,2500),(178,77,33,'^4eJ4+~5','unreal@me.com',0,'female','Tommy',24.3025,2500),(163,42,35,'Epm~9xeT','pakaste@verizon.net',0,'male','Blaze',15.8079,3000),(146,43,29,'2K79v$Nx','parsimony@mac.com',0,'female','Carmelo',20.1726,2500),(152,79,26,'W@72HmM!','crypt@mac.com',0,'male','Skylar',34.1932,2000),(176,59,31,'#QxwK7wU','denton@sbcglobal.net',0,'female','Arian',19.047,2500),(173,67,16,'95E?vJTa','michiel@mac.com',0,'male','Bruno',22.3863,2500),(187,50,31,'UD+L%&4&','burns@mac.com',0,'female','Kaysen',14.2984,3000),(149,81,27,'3MHgv>CH','muadip@optonline.net',0,'female','Layne',36.4848,2000),(186,88,17,'X&~3uc8N','maikelnai@comcast.net',0,'male','Ray',25.4365,2000),(162,62,20,'KW^3!s9>','elflord@me.com',0,'female','Zain',23.6244,2500),(174,80,24,'!EdJBz4h','gordonjcp@mac.com',0,'male','Crew',26.4236,2000),(179,84,29,'CK4R+Z%q','research@gmail.com',0,'male','Jedidiah',26.2164,2000),(158,76,35,'F6vwr$Wq','kevinm@yahoo.ca',0,'male','Rodney',30.4438,2000),(154,87,18,'D7%@3S%4','petersko@outlook.com',0,'female','Clay',36.6841,2000),(185,85,19,'RG?DC64d','noneme@verizon.net',0,'male','Tomas',24.8356,2500),(153,65,25,'cHDb&$4?','muzzy@yahoo.ca',0,'female','Alden',27.7671,2000),(159,54,25,'@D%>bS5H','burns@yahoo.ca',0,'male','Jadiel',21.3599,2500),(177,46,17,'cRMZde^7','bmorrow@verizon.net',0,'female','Harper',14.6829,3000),(164,78,27,'Q#2ebPvX','arachne@yahoo.ca',0,'male','Ares',29.0006,2000),(180,61,22,'Vw&HL4%6','denism@comcast.net',0,'female','Cory',18.8272,2500),(184,47,33,'m2hrD%L%','unreal@live.com',0,'female','Brecken',13.8823,3000),(161,52,35,'yC>LdL7X','jemarch@hotmail.com',0,'male','Chaim',20.061,2500),(160,40,29,'D^Y+Nt86','jelmer@verizon.net',0,'female','Nickolas',15.625,3000),(150,90,26,'2~3AhNUj','valdez@comcast.net',0,'male','Kareem',40,2000),(171,66,31,'9e>77C>C','seano@sbcglobal.net',0,'male','Xzavier',22.571,2500),(167,64,16,'+EE#2Uye','timlinux@gmail.com',0,'male','Kaison',22.9481,2500),(166,70,31,'5CNK3#2D','aardo@optonline.net',0,'female','Alonso',25.4028,2000),(151,51,27,'FDD2L?Gk','mobileip@comcast.net',0,'male','Amos',22.3674,2500),(155,45,17,'TE%tG&L9','houle@live.com',0,'female','Vicente',18.7305,2500),(172,77,20,'!Tk^T?M6','sassen@aol.com',0,'male','Samir',26.0276,2000),(145,42,24,'v5Vm8x!^','treit@comcast.net',0,'female','Yosef',19.9762,2500),(188,43,29,'7rqB6T$#','xnormal@aol.com',0,'male','Jamal',12.1661,3000),(157,79,35,'$V~3M+gS','dialworld@yahoo.ca',0,'female','Jon',32.05,2000),(168,59,18,'Q3QRdvf!','bockelboy@sbcglobal.net',0,'female','Bobby',20.9042,2500),(182,67,19,'?Cs#LBP5','animats@yahoo.com',0,'male','Aron',20.227,2500),(189,50,25,'4v!XU6R$','mahbub@gmail.com',0,'female','Ben',13.9974,3000),(170,81,25,'~DH!374>','erynf@yahoo.com',0,'male','Ford',28.0277,2000),(165,88,17,'^9?9uPvv','mleary@outlook.com',0,'male','Brodie',32.3232,2000),(183,62,27,'B32YV9a$','jdhildeb@aol.com',0,'male','Cain',18.5135,2500),(148,80,22,'F2C>p&8p','lushe@aol.com',0,'female','Finnley',36.523,2000),(156,84,33,'^q2L2C@R','squirrel@yahoo.ca',0,'male','Briggs',34.5168,2000),(190,76,35,'r$D9EXF8','markjugg@mac.com',0,'female','Davion',21.0526,2500),(169,87,29,'cP%e8+GB','kmself@yahoo.com',0,'male','Kingsley',30.4611,2000),(175,85,26,'UR+B>32Z','ewaters@aol.com',0,'female','Brett',27.7551,2000),(181,65,31,'k7c&@JDL','sakusha@outlook.com',0,'male','Wayne',19.8407,2500),(147,54,16,'Rn@D~3BV','quinn@msn.com',0,'female','Zackary',24.9896,2000),(178,46,31,'K7S!dq?r','osaru@yahoo.com',0,'female','Apollo',14.5184,3000),(163,78,27,'k?5T!Y9P','cderoove@sbcglobal.net',0,'male','Emery',29.3575,2000),(146,61,17,'TWE!pT5D','elmer@sbcglobal.net',0,'female','Joziah',28.617,2000),(152,47,20,'CY$4Due@','ralamosm@hotmail.com',0,'male','Lucca',20.3428,2500),(176,80,24,'R^Az3Mh&','fudrucker@me.com',0,'male','Bentlee',25.8264,2000),(173,84,29,'5@mdn#HP','skaufman@outlook.com',0,'male','Hassan',28.0664,2000),(187,76,35,'JZ^%N!u3','ranasta@outlook.com',0,'female','Westin',21.7335,2500),(149,87,18,'5gd$b?Wt','gospodin@msn.com',0,'male','Joey',39.1874,2000),(186,85,19,'@B4Ak3Pa','jbarta@gmail.com',0,'female','Vance',24.5693,2500),(162,65,25,'vF84hX6#','claypool@icloud.com',0,'male','Marcelo',24.7676,2500),(174,54,25,'&yWeV24%','gtaylor@aol.com',0,'female','Axl',17.8359,3000),(179,46,17,'r#2M&%Vm','hyper@outlook.com',0,'male','Jermaine',14.3566,3000),(158,78,27,'YP8@G7XT','parasite@optonline.net',0,'female','Chad',31.245,2000),(154,61,22,'%X^px7hH','shrapnull@comcast.net',0,'female','Gerald',25.721,2000),(185,47,33,'9>4$J^Hf','singer@yahoo.ca',0,'male','Kole',13.7327,3000),(153,52,35,'Vq@#8f?&','notaprguy@comcast.net',0,'female','Dash',22.2137,2500),(159,40,29,'A2B%T?+v','jemarch@live.com',0,'male','Dayton',15.8222,3000),(177,90,26,'dJ~Dv5?r','mhanoh@aol.com',0,'male','Lachlan',28.7274,2000),(164,89,31,'4&cnhA@Q','report@aol.com',0,'male','Shaun',33.0904,2000),(180,69,16,'mVfqky~5','payned@aol.com',0,'female','Kody',21.2963,2500),(184,44,31,'B35zg9J#','sriha@yahoo.ca',0,'male','Ronnie',12.9962,3000),(161,63,27,'^DQWz87h','benits@me.com',0,'female','Kolten',24.3046,2500),(160,75,17,'DeM+?^4v','jadavis@att.net',0,'male','Marcel',29.2969,2000),(150,66,20,'e7C!w^U>','fukuchi@aol.com',0,'female','Stetson',29.3333,2000),(171,64,24,'2ASu$hYL','mrdvt@mac.com',0,'male','Willie',21.8871,2500),(167,70,29,'G6%NR+Rp','jtorkbob@yahoo.ca',0,'female','Jeffery',25.0995,2000),(166,72,35,'uj78hF$%','hutton@comcast.net',0,'female','Brantlee',26.1286,2000),(151,55,18,'2P>VHzDw','peoplesr@mac.com',0,'male','Elisha',24.1217,2500),(155,51,19,'!&BBz4kQ','kspiteri@icloud.com',0,'female','Maxim',21.2279,2500),(172,45,25,'@Q5!F>6s','cisugrad@optonline.net',0,'male','Kendall',15.2109,3000),(145,77,25,'9GZYX%@@','mglee@icloud.com',0,'male','Harry',36.6231,2000),(188,42,17,'DGyPc@3A','jeffcovey@aol.com',0,'male','Leandro',11.8832,3000),(157,43,27,'%CBzb9+F','psharpe@msn.com',0,'female','Aaden',17.4449,3000),(168,79,22,'#3whDM6x','gilmoure@verizon.net',0,'male','Channing',27.9904,2000),(182,59,33,'g$Vp3v?^','mhouston@sbcglobal.net',0,'female','Kohen',17.8119,3000),(189,67,35,'Y4T^+b#S','wmszeliga@sbcglobal.net',0,'male','Yousef',18.7565,2500),(170,50,29,'>cYJR&A9','rattenbt@comcast.net',0,'female','Darian',17.301,3000),(165,81,26,'d7~HDS$6','ijackson@sbcglobal.net',0,'male','Enoch',29.7521,2000),(183,88,31,'uL!X%7R$','rsmartin@verizon.net',0,'female','Mayson',26.2773,2000),(148,62,16,'eW+Pwj4y','sblack@live.com',0,'female','Neymar',28.3053,2000),(156,80,31,'2#BA2TPH','drhyde@yahoo.ca',0,'male','Giovani',32.8731,2000),(190,84,27,'Zr8RazP+','nwiger@aol.com',0,'female','Alfonso',23.2687,2500),(169,76,17,'jSwf5N%3','jimmichie@outlook.com',0,'male','Duncan',26.6097,2000),(175,87,20,'%B?g7mc5','scitext@verizon.net',0,'male','Anders',28.4082,2000),(181,85,24,'~3KaZy?E','pplinux@yahoo.com',0,'male','Braeden',25.9455,2000),(147,65,29,'@g^^D4qy','kjetilk@mac.com',0,'female','Dwayne',30.0801,2000),(178,54,35,'&R3SL5?#','bjoern@gmail.com',0,'male','Keagan',17.0433,3000),(163,46,18,'A^GR3u%7','sartak@sbcglobal.net',0,'female','Felipe',17.3134,3000),(146,78,19,'t7ZR6%5Y','lpalmer@sbcglobal.net',0,'male','Fisher',36.5922,2000),(152,61,25,'43VSaq>M','jtorkbob@icloud.com',0,'female','Stefan',26.4024,2000),(176,47,25,'RTJDF7c~','unreal@yahoo.ca',0,'male','Trace',15.173,3000),(173,52,17,'&$KCf3Dg','russotto@verizon.net',0,'female','Aydin',17.3745,3000),(187,40,27,'GH3~3FT+','chaki@me.com',0,'female','Anson',11.4387,3000),(149,90,22,'u9+Z#KvD','tjensen@outlook.com',0,'male','Clyde',40.5387,2000),(186,66,33,'%Z>+DAf5','boftx@optonline.net',0,'female','Blaise',19.0774,2500),(162,64,35,'Q6RJD^?Q','tbusch@comcast.net',0,'male','Canaan',24.3865,2500),(174,70,29,'F7wRR?gv','houle@optonline.net',0,'male','Maxton',23.1206,2500),(179,51,26,'$4+eDpKB','schwaang@att.net',0,'male','Alexzander',15.9171,3000),(158,45,31,'~&UL66p9','leslie@optonline.net',0,'female','Billy',18.026,3000),(154,77,16,'^adNgH5x','guialbu@yahoo.ca',0,'male','Harold',32.4675,2000),(185,42,31,'dZ!n4eZ^','crowemojo@optonline.net',0,'female','Baylor',12.2717,3000),(153,43,27,'Y36yZz&M','avalon@yahoo.ca',0,'male','Gordon',18.369,3000),(159,79,17,'~256ZFbD','drewf@msn.com',0,'female','Rene',31.2488,2000),(177,59,20,'L4w>F3cp','petersko@optonline.net',0,'male','Terrence',18.8324,2500),(164,67,24,'~W>UE6W%','rupak@aol.com',0,'female','Vincenzo',24.9108,2000),(180,50,29,'WU#X~8~7','sscorpio@msn.com',0,'female','Kamdyn',15.4321,3000),(184,81,35,'t4Z3dH~#','scottzed@mac.com',0,'male','Marlon',23.9249,2500),(161,88,18,'K#9eD?Nz','galbra@att.net',0,'female','Castiel',33.9493,2000),(160,62,19,'u$9r9MMY','wojciech@aol.com',0,'male','Lamar',24.2188,2500),(150,80,25,'5V@rYk26','bowmanbs@comcast.net',0,'male','Augustine',35.5556,2000),(171,84,25,'$25RMgQ7','cgarcia@yahoo.com',0,'male','Jamie',28.7268,2000),(167,76,17,'!4JzD!94','kudra@gmail.com',0,'female','Eugene',27.2509,2000),(166,87,27,'d@8spUK2','schwaang@me.com',0,'male','Harlan',31.5721,2000),(151,85,22,'>cbEV6?a','willg@yahoo.ca',0,'female','Kase',37.2791,2000),(155,65,33,'5+kGZ^5N','luvirini@optonline.net',0,'male','Miller',27.0552,2000),(172,54,35,'?rX8Rj+T','tarreau@aol.com',0,'female','Van',18.2531,3000),(145,46,29,'87TH>9gT','kewley@yahoo.com',0,'male','Kolby',21.8787,2500),(188,78,26,'22r3JSe!','noneme@optonline.net',0,'female','Sonny',22.0688,2500),(157,61,31,'CSUNF4#R','naupa@mac.com',0,'female','Emory',24.7475,2500),(168,47,16,'Ug7R7^9>','raides@hotmail.com',0,'male','Junior',16.6525,3000),(182,80,31,'H~A7@&U%','ijackson@att.net',0,'female','Graysen',24.1517,2500),(189,84,27,'%YWbd4$5','nighthawk@yahoo.ca',0,'male','Heath',23.5156,2500),(170,76,17,'2tB!uZTC','kronvold@me.com',0,'female','Rogelio',26.2976,2000),(165,87,20,'$+DSbkH6','shang@verizon.net',0,'male','Will',31.9559,2000),(183,85,24,'wpd&X7RQ','themer@msn.com',0,'female','Amare',25.3815,2000),(148,65,29,'H4mRkD$6','dwheeler@optonline.net',0,'male','Ameer',29.6749,2000),(156,54,35,'G2@b$C~D','scato@aol.com',0,'male','Camdyn',22.1893,2500),(190,46,18,'x$cdbUX5','tbusch@live.com',0,'male','Jerome',12.7424,3000),(169,78,19,'5#7Q@F>!','mhassel@outlook.com',0,'female','Maison',27.31,2000),(175,61,25,'k+^2ZUZK','grossman@comcast.net',0,'male','Micheal',19.9184,2500),(181,47,25,'PTR@m@2h','smallpaul@yahoo.com',0,'female','Cristiano',14.3463,3000),(147,52,17,'H9+S&bT~','mgreen@att.net',0,'male','Giancarlo',24.064,2500),(178,40,27,'58SwR~g6','caronni@msn.com',0,'female','Henrik',12.6247,3000),(163,90,22,'#%w!A2Ve','ralamosm@aol.com',0,'male','Lochlan',33.8741,2000),(146,89,33,'XZ~83P&?','tkrotchko@outlook.com',0,'female','Bode',41.7527,2000),(152,69,35,'AY+7C&Hf','webdragon@comcast.net',0,'female','Camron',29.865,2000),(176,44,29,'s$j6kFPq','bescoto@msn.com',0,'male','Houston',14.2045,3000),(173,63,26,'DF?dr95v','chrisk@icloud.com',0,'female','Otis',21.0498,2500),(187,75,31,'2W2!tQ+!','cliffordj@msn.com',0,'male','Hugh',21.4476,2500),(149,66,16,'Q9@zUY#d','agapow@yahoo.ca',0,'female','Kannon',29.7284,2000),(186,64,31,'7^SCNPh3','yzheng@gmail.com',0,'male','Konnor',18.4992,3000),(162,70,27,'cT#tHr9s','pkilab@gmail.com',0,'male','Emmet',26.6728,2000),(174,72,17,'LCXE8k%A','mfleming@mac.com',0,'male','Kamryn',23.7812,2500),(179,55,20,'HBRD5qN%','unreal@aol.com',0,'female','Maximo',17.1655,3000),(158,51,24,'K#5T^JLP','drezet@verizon.net',0,'male','Adrien',20.4294,2500),(154,82,29,'!brN3??>','garland@comcast.net',0,'female','Cedric',34.5758,2000),(185,74,35,'s?+n@8~Q','petersen@gmail.com',0,'male','Dariel',21.6216,2500),(153,57,18,'S5@x%+Ar','makarow@icloud.com',0,'female','Landry',24.3496,2500),(159,83,19,'@3KEB6Xu','brickbat@att.net',0,'male','Leighton',32.831,2000),(177,60,25,'B8Zt3d&M','msroth@gmail.com',0,'female','Magnus',19.1516,2500),(164,68,25,'h>Lj2^bj','pontipak@comcast.net',0,'female','Draven',25.2826,2000),(180,71,17,'TQ?e&@x7','codex@gmail.com',0,'male','Javon',21.9136,2500),(184,73,27,'XjaN>&2U','themer@att.net',0,'female','Marley',21.5619,2500),(161,53,22,'z5XRd~a^','delpino@me.com',0,'male','Zavier',20.4467,2500),(160,48,33,'yjQ3+sbu','mschwartz@optonline.net',0,'female','Markus',18.75,2500),(150,49,35,'d6d>>2Rv','ozawa@gmail.com',0,'male','Justus',21.7778,2500),(171,58,29,'vAX!34QS','wainwrig@comcast.net',0,'male','Reyansh',19.8352,2500),(167,56,26,'h^?6tAd5','gommix@verizon.net',0,'male','Rudy',20.0796,2500),(166,41,31,'w^upf4bH','boftx@live.com',0,'female','Santana',14.8788,3000),(151,77,16,'5t6#U+K7','jrifkin@att.net',0,'male','Misael',33.7704,2000),(155,42,31,'S8+7^f9F','stern@comcast.net',0,'female','Abdiel',17.4818,3000),(172,43,27,'s~bWZ>9Y','khris@comcast.net',0,'male','Davian',14.5349,3000),(145,79,17,'dP6@9>2j','jaesenj@sbcglobal.net',0,'female','Zaire',37.5743,2000),(188,59,20,'e^5!DPGK','miltchev@optonline.net',0,'male','Jordy',16.6931,3000),(157,67,24,'XQn@3dsT','jaarnial@yahoo.ca',0,'female','Reginald',27.1816,2000),(168,50,29,'L+!cWDq5','klaudon@msn.com',0,'female','Benton',17.7154,3000),(182,81,35,'@DEdR9+7','frederic@aol.com',0,'male','Darwin',24.4536,2500),(189,88,18,'!qJ2BAN#','kdawson@live.com',0,'female','Franco',24.6354,2500),(170,62,19,'PH!f!M4q','jeteve@outlook.com',0,'male','Jairo',21.4533,2500),(165,80,25,'&S^8wa2Y','ubergeeb@yahoo.com',0,'female','Jonathon',29.3848,2000),(183,84,25,'2c#4GWDn','keutzer@me.com',0,'male','Reuben',25.0829,2000),(148,76,17,'%E839uGS','fangorn@comcast.net',0,'male','Urijah',34.6969,2000),(156,87,27,'F5&YSz9P','hoyer@live.com',0,'male','Vivaan',35.7495,2000),(190,85,22,'B>$g#G9D','muadip@me.com',0,'female','Brent',23.5457,2500),(169,65,33,'tH+yd97N','mrdvt@outlook.com',0,'male','Gauge',22.7583,2500),(175,54,35,'HyHJ#b5w','petersen@hotmail.com',0,'female','Vaughn',17.6327,3000),(181,46,29,'fgUz9>Fr','skippy@outlook.com',0,'male','Coleman',14.0411,3000),(147,78,26,'Vt!!Z$2j','quinn@hotmail.com',0,'female','Zaid',36.0961,2000),(178,61,31,'7HXsKh+!','shaffei@yahoo.com',0,'male','Terrell',19.2526,2500),(163,47,16,'2GL8Pd5>','payned@msn.com',0,'female','Kenny',17.6898,3000),(146,52,31,'XB6^wWZH','arebenti@verizon.net',0,'female','Brice',24.3948,2500),(152,40,27,'!9q34Pn~','punkis@msn.com',0,'male','Lyric',17.313,3000),(176,90,17,'6H>#dcuQ','bester@gmail.com',0,'male','Judson',29.0548,2000),(173,89,20,'sVuW3&D7','aaribaud@live.com',0,'male','Shiloh',29.737,2000),(187,69,24,'5yC$9PfM','curly@msn.com',0,'male','Damari',19.7318,2500),(149,44,29,'n~Qa7Un%','fmerges@live.com',0,'female','Kalel',19.8189,2500),(186,63,35,'TD#WKU$3','ryanvm@att.net',0,'male','Braiden',18.2102,3000),(162,75,18,'Cqu@2EDA','smcnabb@live.com',0,'female','Brenden',28.578,2000),(174,66,19,'uA#83~DV','duncand@live.com',0,'male','Coen',21.7994,2500),(179,64,25,'d@7VZMY2','quinn@yahoo.ca',0,'female','Denver',19.9744,2500),(158,70,25,'4dA9G~&E','lukka@aol.com',0,'male','Javion',28.0404,2000),(154,72,17,'2P&sYG5D','kdawson@sbcglobal.net',0,'female','Thatcher',30.3593,2000),(185,55,27,'6>2Vf&4S','marioph@gmail.com',0,'female','Rey',16.0701,3000),(153,51,22,'!D9D#5xX','themer@hotmail.com',0,'male','Dilan',21.7865,2500),(159,45,33,'R3eGL@^q','anicolao@mac.com',0,'female','Dimitri',17.7999,3000),(177,82,35,'mLXs3&uJ','okroeger@sbcglobal.net',0,'male','Immanuel',26.1738,2000),(164,74,29,'ec6DSv8&','quinn@sbcglobal.net',0,'female','Mustafa',27.5134,2000),(180,57,26,'ZNDyn3&x','conteb@outlook.com',0,'male','Ulises',17.5926,3000),(184,83,31,'%#Szv+3!','munge@icloud.com',0,'female','Alvaro',24.5156,2500),(161,60,16,'C@VuQDd3','nelson@gmail.com',0,'male','Dominique',23.1473,2500),(160,68,31,'Djw?M5XP','smeier@aol.com',0,'male','Eliseo',26.5625,2000),(150,71,27,'&7ZdS84z','skajan@msn.com',0,'male','Anakin',31.5556,2000),(171,73,17,'6mA#3Ty7','ccohen@me.com',0,'female','Craig',24.9649,2000),(167,53,20,'m!82Km7S','daveed@sbcglobal.net',0,'male','Dario',19.0039,2500),(166,48,24,'3f%EX5Ln','jfinke@icloud.com',0,'female','Santos',17.4191,3000),(151,49,29,'Um^FCM?2','offthelip@me.com',0,'male','Grey',21.4903,2500),(155,58,35,'d4k@X+Br','squirrel@yahoo.com',0,'female','Ishaan',24.1415,2500),(172,56,18,'>?JN9FL$','kwilliams@mac.com',0,'male','Jessie',18.9292,2500),(145,41,19,'y6A?RAm7','markjugg@msn.com',0,'female','Jonael',19.5006,2500),(188,77,25,'J~^nTs3H','jyoliver@hotmail.com',0,'female','Alfred',21.7859,2500),(157,42,25,'r85Vtuc~','tbeck@optonline.net',0,'male','Tyrone',17.0392,3000),(168,43,17,'Ut74h~CW','engelen@outlook.com',0,'female','Valentin',15.2353,3000),(182,79,27,'zTQ4w#X9','ijackson@icloud.com',0,'male','Jadon',23.8498,2500),(189,59,22,'q&kS>^8g','weazelman@icloud.com',0,'female','Turner',16.5169,3000),(170,67,33,'zq5Mq&?5','camenisch@yahoo.ca',0,'male','Ignacio',23.1834,2500),(165,50,35,'^SF7k@vz','cfhsoft@hotmail.com',0,'male','Riaan',18.3655,3000),(183,81,29,'fF27LV~~','jlbaumga@verizon.net',0,'male','Rocky',24.187,2500),(148,88,26,'k2ueaK&%','rhavyn@outlook.com',0,'female','Ephraim',40.1753,2000),(156,62,31,'MYN^5CUP','philen@comcast.net',0,'male','Marquis',25.4767,2000),(190,80,16,'c8#CK@kX','dhwon@live.com',0,'female','Musa',22.1607,2500),(169,84,31,'C@9#F~6b','dkasak@comcast.net',0,'male','Keenan',29.4107,2000),(175,76,27,'DUfT5#6!','gtaylor@optonline.net',0,'female','Ridge',24.8163,2500),(181,87,17,'WY5jm~J@','gfody@optonline.net',0,'male','Chace',26.556,2000),(147,85,20,'6yS$$7NV','pgolle@sbcglobal.net',0,'female','Kymani',39.3355,2000),(178,65,24,'!9yY?@RM','parasite@outlook.com',0,'female','Rodolfo',20.5151,2500),(163,54,29,'HaW!ReB4','formis@mac.com',0,'male','Darrell',20.3244,2500),(146,46,35,'k~QL?4!%','engelen@hotmail.com',0,'female','Steve',21.58,2500),(152,78,18,'$KJ5ue54','kronvold@att.net',0,'male','Agustin',33.7604,2000),(176,61,19,'?4c49X$L','mdielmann@verizon.net',0,'female','Jaziel',19.6927,2500),(173,47,25,'u^Tc2^$V','parrt@verizon.net',0,'male','Boone',15.7038,3000),(187,52,25,'&+2N5%!L','bader@live.com',0,'male','Cairo',14.8703,3000),(149,40,17,'B862a!$9','ebassi@hotmail.com',0,'male','Kashton',18.0172,3000),(186,90,27,'DSM?Y5~e','leocharre@aol.com',0,'female','Rashad',26.0146,2000),(162,89,22,'c8cJG!C>','rkobes@att.net',0,'male','Gibson',33.9125,2000),(174,69,33,'V~9gPQN$','tmccarth@msn.com',0,'female','Jabari',22.7903,2500),(179,44,35,'+s+$!66C','hampton@icloud.com',0,'male','Avi',13.7324,3000),(158,63,29,'Eg6&9ykG','leslie@me.com',0,'female','Quintin',25.2363,2000),(154,75,26,'hG5fus7%','jonadab@optonline.net',0,'male','Seamus',31.6242,2000),(185,66,31,'5dH!TV$J','staikos@outlook.com',0,'female','Rolando',19.2841,2500),(153,64,16,'ZMRW8g!>','wikinerd@mac.com',0,'female','Sutton',27.3399,2000),(159,70,31,'&J#y6k@V','kspiteri@icloud.com',0,'male','Camilo',27.6888,2000),(177,72,27,'4ZG5MN&a','zilla@optonline.net',0,'female','Triston',22.9819,2500),(164,55,17,'6rkZW&Pu','hahiss@gmail.com',0,'male','Yehuda',20.4491,2500),(180,51,20,'sg?G2CuQ','kjetilk@optonline.net',0,'female','Cristopher',15.7407,3000),(184,45,24,'?!DX7aAY','kohlis@live.com',0,'male','Davin',13.2916,3000),(161,77,29,'sUC#7?N6','wildfire@optonline.net',0,'male','Ernest',29.7056,2000),(160,42,35,'65~L8mX$','lipeng@me.com',0,'male','Jamarion',16.4062,3000),(150,43,18,'BNy#+4^q','dmath@live.com',0,'female','Kamren',19.1111,2500),(171,79,19,'UtS&M8pK','akoblin@comcast.net',0,'male','Salvatore',27.0169,2000),(167,59,25,'VNBgTX4&','ismail@msn.com',0,'female','Anton',21.1553,2500),(166,67,25,'CvD2Vc4%','cisugrad@me.com',0,'male','Aydan',24.3141,2500),(151,50,17,'QFK2K8B$','marioph@yahoo.com',0,'female','Huxley',21.9289,2500),(155,81,27,'DPB4L+EZ','galbra@me.com',0,'male','Jovani',33.7149,2000),(172,88,22,'%SW7#PrD','breegster@optonline.net',0,'female','Wilder',29.7458,2000),(145,62,33,'@Vd8qM3k','grolschie@icloud.com',0,'female','Bodie',29.4887,2000),(188,80,35,'W~398@A5','oevans@gmail.com',0,'male','Jordyn',22.6347,2500),(157,84,29,'D&ZU8#p5','penna@verizon.net',0,'male','Louie',34.0785,2000),(168,76,26,'Gz5Zh6&$','kludge@yahoo.ca',0,'male','Achilles',26.9274,2000),(182,87,31,'aGDZF6s~','hamilton@yahoo.com',0,'female','Kaeden',26.2649,2000),(189,85,16,'b%5jAB2e','jugalator@hotmail.com',0,'male','Kamron',23.7955,2500),(170,65,31,'C2r$65~Q','odlyzko@msn.com',0,'female','Aarush',22.4914,2500),(165,54,27,'7A+TVJ?x','smcnabb@comcast.net',0,'male','Deangelo',19.8347,2500),(183,46,17,'pYTW4d$+','amcuri@sbcglobal.net',0,'female','Robin',13.7359,3000),(148,78,20,'DG$9t8yN','thomasj@sbcglobal.net',0,'male','Yadiel',35.6099,2000),(156,61,24,'q@2QWZdH','csilvers@icloud.com',0,'female','Yahya',25.0657,2000),(190,47,29,'4VHdn6+e','jaxweb@outlook.com',0,'female','Boden',13.0194,3000),(169,52,35,'tgwv4j$Z','flaviog@live.com',0,'male','Ean',18.2066,3000),(175,40,18,'WM>28%C7','animats@yahoo.ca',0,'female','Kye',13.0612,3000),(181,90,19,'Y+w6%URt','gilmoure@verizon.net',0,'male','Kylen',27.4717,2000),(147,89,25,'gQNj3Y&E','dieman@att.net',0,'female','Todd',41.1865,2000),(178,69,25,'Kfk&#5~g','gomor@yahoo.com',0,'male','Truman',21.7776,2500),(163,44,17,'A77~E!wV','bader@att.net',0,'female','Chevy',16.5607,3000),(146,63,27,'DPrG%8WU','mlewan@icloud.com',0,'male','Gilbert',29.5553,2000),(152,75,22,'85$EzykF','lukka@msn.com',0,'male','Haiden',32.4619,2000),(176,66,33,'6Y4?fsFU','ghost@comcast.net',0,'male','Brixton',21.3068,2500),(173,64,35,'5D~X93ed','froodian@hotmail.com',0,'female','Dangelo',21.3839,2500),(187,70,29,'pu&ddDb8','webteam@verizon.net',0,'male','Juelz',20.0177,2500),(149,51,26,'#J!k7UDj','bjoern@sbcglobal.net',0,'female','Osvaldo',22.9719,2500),(186,45,31,'V#CTk5~>','jgwang@yahoo.ca',0,'male','Bishop',13.0073,3000),(162,77,16,'X68aY$H%','timlinux@icloud.com',0,'female','Freddy',29.34,2000),(174,42,31,'@39e%xPX','dbanarse@msn.com',0,'male','Reagan',13.8724,3000),(179,43,27,'e+kM>9BT','dprice@sbcglobal.net',0,'female','Frankie',13.4203,3000),(158,79,17,'@5sFE@nS','frostman@verizon.net',0,'female','Malaki',31.6456,2000),(154,59,20,'@5^VntyX','crusader@att.net',0,'male','Camren',24.8777,2500),(185,67,24,'CQd!PRu9','esasaki@gmail.com',0,'female','Deshawn',19.5763,2500),(153,50,29,'?K4NC%D%','kannan@live.com',0,'male','Jayvion',21.3593,2500),(159,81,35,'uWAs8f3>','jrifkin@comcast.net',0,'female','Leroy',32.0399,2000),(177,88,18,'6?R^wnwg','brbarret@yahoo.com',0,'male','Briar',28.089,2000),(164,62,19,'>Efh^z7T','markjugg@gmail.com',0,'male','Jaydon',23.0518,2500),(180,80,25,'H8K!~ZTN','rmcfarla@optonline.',0,'male','Antoine',24.6914,2500),(1,1,2,'a','a@gmail.com',0,'male','a',10000,2000),(1,1,2,'fsg','a.gmail.com',0,'male','z',10000,2000),(178,80,20,'nadeem','nadeemqwerty@gmail.com',-6,'male','Nadeem',25.2493,2000),(175,72,18,'amit','amit@gmail.com',2,'male','Amit Rajain',23.5102,2500),(170,67,21,'psg','guptaprashantshekhar@gmail.com',0,'male','Prashant',23.1834,3000),(1,1,5,'u','u',0,'male','u',10000,2000);
/*!40000 ALTER TABLE `Customers` ENABLE KEYS */;
UNLOCK TABLES;
/*!50003 SET @saved_cs_client      = @@character_set_client */ ;
/*!50003 SET @saved_cs_results     = @@character_set_results */ ;
/*!50003 SET @saved_col_connection = @@collation_connection */ ;
/*!50003 SET character_set_client  = latin1 */ ;
/*!50003 SET character_set_results = latin1 */ ;
/*!50003 SET collation_connection  = latin1_swedish_ci */ ;
/*!50003 SET @saved_sql_mode       = @@sql_mode */ ;
/*!50003 SET sql_mode              = 'NO_AUTO_CREATE_USER,NO_ENGINE_SUBSTITUTION' */ ;
DELIMITER ;;
/*!50003 CREATE*/ /*!50017 DEFINER=`root`@`localhost`*/ /*!50003 TRIGGER account_delete AFTER DELETE on
            Customers
			FOR EACH ROW
			BEGIN
			DELETE FROM Pic
			    WHERE Pic.Id = Old.Email;
			DELETE FROM CustomerEx
			    WHERE CustomerEx.Id = Old.Email;
			DELETE FROM CustomerDiet
			    WHERE CustomerDiet.Id = Old.Email;
			DELETE FROM Comments
			    WHERE Comments.id = Old.Email;
			END */;;
DELIMITER ;
/*!50003 SET sql_mode              = @saved_sql_mode */ ;
/*!50003 SET character_set_client  = @saved_cs_client */ ;
/*!50003 SET character_set_results = @saved_cs_results */ ;
/*!50003 SET collation_connection  = @saved_col_connection */ ;

--
-- Table structure for table `Diet`
--

DROP TABLE IF EXISTS `Diet`;
/*!40101 SET @saved_cs_client     = @@character_set_client */;
/*!40101 SET character_set_client = utf8 */;
CREATE TABLE `Diet` (
  `SNo` int(11) DEFAULT NULL,
  `Item` varchar(250) DEFAULT NULL,
  `Calories` int(11) DEFAULT NULL,
  `Category` varchar(40) DEFAULT NULL,
  `Type` varchar(40) DEFAULT NULL
) ENGINE=InnoDB DEFAULT CHARSET=latin1;
/*!40101 SET character_set_client = @saved_cs_client */;

--
-- Dumping data for table `Diet`
--

LOCK TABLES `Diet` WRITE;
/*!40000 ALTER TABLE `Diet` DISABLE KEYS */;
INSERT INTO `Diet` VALUES (1,'Oat',240,'Breakfast','Veg'),(2,'Oat',240,'Snacks','Veg'),(3,'3 Egg',240,'Breakfast','Non Veg'),(4,'6 Eggs White',96,'Breakfast','Non Veg'),(5,'1 Egg omelette',120,'Breakfast','Non Veg'),(6,'Sweet Potato',150,'Snacks','Veg'),(7,'3 Brown Bread',100,'Snacks','Veg'),(8,'4 Chapatis',240,'Lunch','Veg'),(9,'1 Cup Curd',129,'Lunch','Veg'),(10,'Dal or Curry',350,'Lunch','Veg'),(11,'100g Sprouts',23,'Breakfast','Veg'),(12,'10 Almonds',70,'Snacks','Veg'),(13,'1 Kachodi',200,'Snacks','Veg'),(14,'200g Veggies',60,'Lunch','Veg'),(15,'200g Chicken',250,'Dinner','Non Veg'),(16,'200g Fish',250,'Dinner','Non Veg'),(17,'2 Spoons Peanut Butter',50,'Snacks','Non Veg'),(18,'200g Beef',448,'Lunch','Non Veg'),(19,'200g Beef',448,'Dinner','Non Veg'),(20,'200g Prime Rib',576,'Lunch','Non Veg'),(21,'200g Prime Rib',576,'Dinner','Non Veg'),(22,'200g Flank Steak',409,'Lunch','Non Veg'),(23,'200g Flank Steak',409,'Dinner','Non Veg'),(24,'200g Bison',375,'Lunch','Non Veg'),(25,'200g Bison',375,'Dinner','Non Veg'),(26,'200g Pork',218,'Lunch','Non Veg'),(27,'200g Pork',218,'Dinner','Non Veg'),(28,'200g Turkey',310,'Lunch','Non Veg'),(29,'200g Turkey',310,'Dinner','Non Veg'),(30,'200g Tuna',269,'Lunch','Non Veg'),(31,'200g Tuna',269,'Dinner','Non Veg'),(32,'200g Red Snaper',256,'Dinner','Non Veg'),(33,'200g Red Snaper',256,'Lunch','Non Veg'),(34,'200g Cod fillet',201,'Lunch','Non Veg'),(35,'200g Cod fillet',201,'Dinner','Non Veg'),(36,'200g Trout',215,'Dinner','Non Veg'),(37,'200g Trout',215,'Lunch','Non Veg'),(38,'200g Shrimp',190,'Lunch','Non Veg'),(39,'200g Shrimp',190,'Dinner','Non Veg'),(40,'200g Salmon fillet',359,'Dinner','Non Veg'),(41,'200g Salmon fillet',359,'Lunch','Non Veg'),(42,'200g Mackerel',407,'Lunch','Non Veg'),(43,'200g Mackerel',407,'Dinner','Non Veg'),(44,'1 cup Cooked rice,plain',120,'Lunch','Veg'),(45,'1 cup Cooked rice,plain',120,'Dinner','Veg'),(46,'1 cup Cooked rice,fried',150,'Dinner','Veg'),(47,'1 cup Cooked rice,fried',150,'Lunch','Veg'),(48,'1 cup Salad',100,'Lunch','Veg'),(49,'1 cup Salad',100,'Dinner','Veg'),(50,'1 cup Soup,clear',75,'Dinner','Veg'),(51,'1 cup Soup,clear',75,'Lunch','Veg'),(52,'1 cup Soup,heavy',150,'Lunch','Veg'),(53,'1 cup Soup,heavy',150,'Dinner','Veg'),(54,'1 tsp Pickle',30,'Dinner','Veg'),(55,'1 tsp Pickle',30,'Lunch','Veg'),(56,'Plain Paratha',150,'Breakfast','Veg'),(57,'1 cup Subji',150,'Breakfast','Veg'),(58,'2 idli',200,'Breakfast','Veg'),(59,'1 Plain Dosa',120,'Breakfast','Veg'),(60,'1 Masala Dosa',250,'Breakfast','Veg'),(61,'1 cup Sambhar',150,'Breakfast','Veg'),(62,'2 Puri',150,'Breakfast','Veg'),(63,'1 cup Tea',45,'Breakfast','Veg'),(64,'1 cup Tea',45,'Snacks','Veg'),(65,'1 cup Coffee',45,'Snacks','Veg'),(66,'1 cup Coffee',45,'Breakfast','Veg'),(67,'1 cup Milk',75,'Breakfast','Veg'),(68,'1 cup Milk',75,'Snacks','Veg'),(69,'1 cup Fruit juice',120,'Snacks','Veg'),(70,'1 cup Fruit juice',120,'Breakfast','Veg'),(71,'1 tsp Jam',30,'Breakfast','Veg'),(72,'1 tsp Jam',30,'Snacks','Veg'),(73,'3 Brown Bread',100,'Breakfast','Veg'),(74,'1 tsp Butter',50,'Breakfast','Veg'),(75,'1 tsp Butter',50,'Snacks','Veg'),(76,'1 tsp Ghee',50,'Lunch','Veg'),(77,'1 tsp Ghee',50,'Dinner','Veg'),(78,'1 glass Milk shake',200,'Snacks','Veg'),(79,'1 glass Milk shake',200,'Breakfast','Veg'),(80,'1 pkt Waffer',120,'Snacks','Veg'),(81,'1 Samosa',100,'Snacks','Veg'),(82,'1 Apple',95,'Snacks','Veg'),(83,'1 Apple',95,'Breakfast','Veg'),(84,'1 Avocados',160,'Breakfast','Veg'),(85,'1 Avocados',160,'Snacks','Veg'),(86,'1 Banana',89,'Snacks','Veg'),(87,'1 Banana',89,'Breakfast','Veg'),(88,'100g Cherries',50,'Breakfast','Veg'),(89,'100g Cherries',50,'Snacks','Veg'),(90,'100g Coconut',354,'Snacks','Veg'),(91,'100g Coconut',354,'Breakfast','Veg'),(92,'100g Grapes',67,'Breakfast','Veg'),(93,'100g Grapes',67,'Snacks','Veg'),(94,'100g Kiwi',61,'Snacks','Veg'),(95,'100g Kiwi',61,'Breakfast','Veg'),(96,'100g Papayas',43,'Breakfast','Veg'),(97,'100g Papayas',43,'Snacks','Veg'),(98,'100g Peaches',39,'Snacks','Veg'),(99,'100g Peaches',39,'Breakfast','Veg'),(100,'100g Pears',57,'Breakfast','Veg'),(101,'100g Pears',57,'Snacks','Veg'),(102,'100g Pineapple',50,'Snacks','Veg'),(103,'100g Pineapple',50,'Breakfast','Veg'),(104,'100g Pomegranate',83,'Breakfast','Veg'),(105,'100g Pomegranate',83,'Snacks','Veg'),(106,'100g Strawberries',33,'Snacks','Veg'),(107,'100g Strawberries',33,'Breakfast','Veg'),(108,'100g Watermelon',30,'Breakfast','Veg'),(109,'100g Watermelon',30,'Snacks','Veg'),(110,'25g Corn flakes',95,'Breakfast','Veg'),(111,'100g Bengal Gram Roasted',69,'Lunch','Veg'),(112,'100g Bengal Gram Roasted',69,'Dinner','Veg'),(113,'12g Bengal Gram cooked',125,'Dinner','Veg'),(114,'12g Bengal Gram cooked',125,'Lunch','Veg'),(115,'120g Black Gram cooked',125,'Lunch','Veg'),(116,'120g Black Gram cooked',125,'Dinner','Veg'),(117,'1 Bowl Khichdi',230,'Dinner','Veg'),(118,'1 Bowl Khichdi',230,'Lunch','Veg'),(119,'1 Bowl Sahi Paneer',370,'Lunch','Veg'),(120,'1 Bowl Sahi Paneer',370,'Dinner','Veg'),(121,'1 Bowl Kadai Paneer',310,'Dinner','Veg'),(122,'1 Bowl Kadai Paneer',310,'Lunch','Veg');
/*!40000 ALTER TABLE `Diet` ENABLE KEYS */;
UNLOCK TABLES;

--
-- Table structure for table `Exercise`
--

DROP TABLE IF EXISTS `Exercise`;
/*!40101 SET @saved_cs_client     = @@character_set_client */;
/*!40101 SET character_set_client = utf8 */;
CREATE TABLE `Exercise` (
  `SNo` int(11) DEFAULT NULL,
  `Item` varchar(250) DEFAULT NULL,
  `Body` varchar(255) DEFAULT NULL,
  `Equipment` varchar(255) DEFAULT NULL
) ENGINE=InnoDB DEFAULT CHARSET=latin1;
/*!40101 SET character_set_client = @saved_cs_client */;

--
-- Dumping data for table `Exercise`
--

LOCK TABLES `Exercise` WRITE;
/*!40000 ALTER TABLE `Exercise` DISABLE KEYS */;
INSERT INTO `Exercise` VALUES (1,'Barbel Bench Press','Chest','Barbell and Bench'),(2,'Flat Bench Dumbbell Press','Chest','Bench and Dumbbell'),(3,'Incline Bench Dumbbell Press','Chest','Bench and Dumbbell'),(4,'Low Incline Barbel Bench Press','Chest','Barbell and Bench'),(5,'Dips for Chest','Chest','Parallel Bar'),(6,'Incline Bench Fly','Chest','Bench and Dumbbell'),(7,'Chest Flyes','Chest','Peck-Deck Machine'),(8,'Deadlift','Back','Barbell'),(9,'Pull Up','Back','Vertical Bar'),(10,'Dumbbell Romanian Deadlift','Back','Dumbbell'),(11,'Chinup','Back','Vertical Bar'),(12,'Bentover Reverse Flye','Back','Dumbbell'),(13,'Yates Row','Back','Barbell'),(14,'Lat Pull Down','Back','Lat Pull Down Machine'),(15,'Hammer Curls','Biceps','Dumbbell'),(16,'Barbell Curl','Biceps','Barbell'),(17,'Barbell Body Row','Biceps','Barbell'),(18,'Cable Lying Bicep Curl','Biceps','Machine Strength, Bench'),(19,'Cable Standing Curl','Biceps','Machine Strength'),(20,'Dumbell Spider Curl','Biceps','Dumbbell and Bench'),(21,'Cable High Curl','Biceps','Machine Strength, Bench'),(22,'Cable Drag Curl','Biceps','Machine Strength'),(23,'Cable Pul Down Bicep Curl','Biceps','Machine Strength, Bench'),(24,'Standing Biceps Strech','Biceps','Body Only'),(25,'Cable Seated Curl','Biceps','Machine Strngth, Bench'),(26,'Barbbell Drag Curl','Biceps','Barbell'),(27,'Barbbell Shrug','Shoulders','Barbell'),(28,'Barbbell Upright Row','Shoulders','Barbell'),(29,'Barbbell Front Raise','Shoulders','Barbell'),(30,'Barbbell Clean and Jerk','Shoulders','Barbell'),(31,'Barbbell Frankenstein Squat','Shoulders','Barbell'),(32,'Cable Lateral Raise','Shoulders','Machine Strength'),(33,'Dumbell Reverse Flyes','Shoulders','Dumbbell and Bench'),(34,'Dumbell Reverse Flyes with External Rotation','Shoulders','Dumbbell and Bench'),(35,'Weight Plate Front Raise','Shoulders','Weight Plate'),(36,'Cable Shrug','Shoulders','Machine-Strength'),(37,'Dumbell Cuban Press','Shoulders','Dumbbell'),(38,'Dumbell Front Raise','Shoulders','Dumbbell'),(39,'T Bar Lying Row','Back','Machine Strength'),(40,'Hammer Grip Pull Up','Back','Pull Up Bar'),(41,'Hug Knees to Chest','Back','Body Only'),(42,'Inverted Row','Back','Machine Strength'),(43,'Machine Lat Pull Down','Back','Machine Strength'),(44,'Middle Back Strech','Back','Body Only'),(45,'One arm against Wall','Back','Body Only'),(46,'One Handed Hang','Back','Pull Up Bar'),(47,'Seated Machine Row','Back','Machine Strength'),(48,'Sphinx','Back','Body Only'),(49,'Spinal Twist','Back','Body Only'),(50,'Weighted Pull Ups','Back','Pull Up Bar'),(51,'Butterfly','Chest','Machine Strength'),(52,'Cable Cross Over','Chest','Machine Strength'),(53,'Cable Flat Bench Fly','Chest','Machine Strength, Bench'),(54,'Cable Cross High Over','Chest','Machine Strength'),(55,'Cable Inner Chest Press','Chest','Machine Strength'),(56,'Cable Press on Exercise Ball','Chest','Machine Strength, Exercise Ball'),(57,'Cable Upper Chest Crossovers','Chest','Machine Strength'),(58,'Clap Push Up','Chest','Body Only'),(59,'Deep Push Up','Chest','Dumbbell'),(60,'Dumbell Bench Press','Chest','Dumbbell and Bench'),(61,'Dip','Triceps','Machine Strength'),(62,'Dip Machine','Triceps','Machine Strength'),(63,'Band Back Fly','Triceps','Bands'),(64,'Barbell JM Press','Triceps','Barbell and Bench'),(65,'Bench Dip','Triceps','Bench'),(66,'Cable Tricep Push Down','Triceps','Machine Strength'),(67,'Close Triceps Pushup','Triceps','Body Only'),(68,'Dumbell Single Arm Pronated Triceps Extension','Triceps','Dumbbell and Bench'),(69,'Dumbell Single Arm Supinated Triceps Extension','Triceps','Dumbbell and Bench'),(70,'Dumbell Standing Alternating Tricep Kickback','Triceps','Dumbbell'),(71,'Dumbell Standing Bent Over One Arm Triceps Extensions','Triceps','Dumbbell'),(72,'Dumbell Standing Bent Over Two Arm Triceps Extensions','Triceps','Dumbbell'),(73,'Dumbell Standing Triceps Kickback','Triceps','Dumbbell'),(74,'Dumbell Tate Press','Triceps','Dumbbell and Bench'),(75,'Dumbell Tricep Kickback','Triceps','Dumbbell and Bench'),(76,'Dumbell Tricep Kickback with Stork Stance','Triceps','Dumbbell'),(77,'Dumbell Twisting Bench Press','Triceps','Barbell'),(78,'Barbell Squat','Legs','Machine Strength'),(79,'Barbell Squat Jerk','Legs','Barbell'),(80,'Barbell Squat to a Bench','Legs','Barbell and Bench'),(81,'Barbell Squat to a Shoulder Press','Legs','Barbell'),(82,'Barbell Squat to a Upright Row','Legs','Barbell'),(83,'Barbell Squat with Narrow Stance','Legs','Barbell'),(84,'Barbell Step Ups','Legs','Barbell and Bench'),(85,'Bodyweight Walking Lunge','Legs','Body Only'),(86,'Seated Calf Raise','Legs','Machine Strength'),(87,'Seated Calf Stretch','Legs','Body Only'),(88,'Seated One Leg Calf Raise','Legs','Dumbbell and Bench'),(89,'Smith Machine One Leg Calf Raise','Legs','Machine Strength'),(90,'Smith Machine Reverse Calf Raises','Legs','Machine Strength'),(91,'Smith Machine Seated Calf Raises','Legs','Machine Strength'),(92,'Smith Machine Toe Raise','Legs','Machine Strength, Bench'),(93,'Standing Calf Raises','Legs','Machine Strength'),(94,'Standing Gastrocnemius','Legs','Body Only'),(95,'Standing Gastrocnemius Calf Stretch','Legs','Bench'),(96,'Donkey Calf Raises','Legs','Bench, Weight Plate'),(97,'Air Bike','Abs','Body Only'),(98,'Leg Raise','Abs','Body Only'),(99,'Decline Crunch','Abs','Machine Strength'),(100,'Hanging Leg Raise','Abs','Pull Up Bar'),(101,'Crunches','Abs','Body Only'),(102,'Plank','Abs','Body Only'),(103,'Cable Crunch','Abs','Machine Strength'),(104,'Reverse Crunch','Abs','Body Only'),(105,'Torso Rotation','Abs','Exercise Ball'),(106,'Leg Pull In','Abs','Body Only'),(107,'Sit Up','Abs','Body Only'),(108,'Side Bridge','Abs','Body Only'),(109,'Cable Side Bands','Abs','Machine Strength'),(110,'V Ups','Abs','Body Only');
/*!40000 ALTER TABLE `Exercise` ENABLE KEYS */;
UNLOCK TABLES;

--
-- Table structure for table `Pic`
--

DROP TABLE IF EXISTS `Pic`;
/*!40101 SET @saved_cs_client     = @@character_set_client */;
/*!40101 SET character_set_client = utf8 */;
CREATE TABLE `Pic` (
  `Id` varchar(250) DEFAULT NULL,
  `Image` varchar(250) DEFAULT NULL
) ENGINE=InnoDB DEFAULT CHARSET=latin1;
/*!40101 SET character_set_client = @saved_cs_client */;

--
-- Dumping data for table `Pic`
--

LOCK TABLES `Pic` WRITE;
/*!40000 ALTER TABLE `Pic` DISABLE KEYS */;
INSERT INTO `Pic` VALUES ('Oat','Oat.jpg'),('3 Egg','3 Egg.jpg'),('6 Eggs White','6 Eggs White.jpg'),('1 Egg omelette','1 Egg omelette.jpg'),('Sweet Potato','Sweet Potato.jpg'),('3 Brown Bread','3 Brown Bread.jpg'),('4 Chapatis','4 Chapatis.jpg'),('1 Cup Curd','1 Cup Curd.jpg'),('Dal or Curry','Dal or Curry.jpg'),('100g Sprouts','100g Sprouts.jpg'),('10 Almonds','10 Almonds.jpg'),('1 Kachodi','1 Kachodi.jpg'),('200g Veggies','200g Veggies.jpg'),('200g Chicken','200g Chicken.jpg'),('200g Fish','200g Fish.jpg'),('2 Spoons Peanut Butter','2 Spoons Peanut Butter.jpg'),('200g Beef','200g Beef.jpg'),('200g Prime Rib','200g Prime Rib.jpg'),('200g Flank Steak','200g Flank Steak.jpg'),('200g Bison','200g Bison.jpg'),('200g Pork','200g Pork.jpg'),('200g Turkey','200g Turkey.jpg'),('200g Tuna','200g Tuna.jpg'),('200g Red Snaper','200g Red Snaper.jpg'),('200g Cod fillet','200g Cod fillet.jpg'),('200g Trout','200g Trout.jpg'),('200g Shrimp','200g Shrimp.jpg'),('200g Salmon fillet','200g Salmon fillet.jpg'),('200g Mackerel','200g Mackerel.jpg'),('1 cup Cooked rice,plain','1 cup Cooked rice,plain.jpg'),('1 cup Cooked rice,fried','1 cup Cooked rice,fried.jpg'),('1 cup Salad','1 cup Salad.jpg'),('1 cup Soup,clear','1 cup Soup,clear.jpg'),('1 cup Soup,heavy','1 cup Soup,heavy.jpg'),('1 tsp Pickle','1 tsp Pickle.jpg'),('Plain Paratha','Plain Paratha.jpg'),('1 cup Subji','1 cup Subji.jpg'),('2 idli','2 idli.jpg'),('1 Plain Dosa','1 Plain Dosa.jpg'),('1 Masala Dosa','1 Masala Dosa.jpg'),('1 cup Sambhar','1 cup Sambhar.jpg'),('2 Puri','2 Puri.jpg'),('1 cup Tea','1 cup Tea.jpg'),('1 cup Coffee','1 cup Coffee.jpg'),('1 cup Milk','1 cup Milk.jpg'),('1 cup Fruit juice','1 cup Fruit juice.jpg'),('1 tsp Jam','1 tsp Jam.jpg'),('1 tsp Butter','1 tsp Butter.jpg'),('1 tsp Ghee','1 tsp Ghee.jpg'),('1 glass Milk shake','1 glass Milk shake.jpg'),('1 pkt Waffer','1 pkt Waffer.jpg'),('1 Samosa','1 Samosa.jpg'),('1 Apple','1 Apple.jpg'),('1 Avocados','1 Avocados.jpg'),('1 Banana','1 Banana.jpg'),('100g Cherries','100g Cherries.jpg'),('100g Coconut','100g Coconut.jpg'),('100g Grapes','100g Grapes.jpg'),('100g Kiwi','100g Kiwi.jpg'),('100g Papayas','100g Papayas.jpg'),('100g Peaches','100g Peaches.jpg'),('100g Pears','100g Pears.jpg'),('100g Pineapple','100g Pineapple.jpg'),('100g Pomegranate','100g Pomegranate.jpg'),('100g Strawberries','100g Strawberries.jpg'),('100g Watermelon','100g Watermelon.jpg'),('25g Corn flakes','25g Corn flakes.jpg'),('100g Bengal Gram Roasted','100g Bengal Gram Roasted.jpg'),('12g Bengal Gram cooked','12g Bengal Gram cooked.jpg'),('120g Black Gram cooked','120g Black Gram cooked.jpg'),('1 Bowl Khichdi','1 Bowl Khichdi.jpg'),('1 Bowl Sahi Paneer','1 Bowl Sahi Paneer.jpg'),('1 Bowl Kadai Paneer','1 Bowl Kadai Paneer.jpg'),('Barbel Bench Press','Barbel Bench Press.jpg'),('Flat Bench Dumbbell Press','Flat Bench Dumbbell Press.jpg'),('Incline Bench Dumbbell Press','Incline Bench Dumbbell Press.jpg'),('Low Incline Barbel Bench Press','Low Incline Barbel Bench Press.jpg'),('Dips for Chest','Dips for Chest.jpg'),('Incline Bench Fly','Incline Bench Fly.jpg'),('Chest Flyes','Chest Flyes.jpg'),('Deadlift','Deadlift.jpg'),('Pull Up','Pull Up.jpg'),('Dumbbell Romanian Deadlift','Dumbbell Romanian Deadlift.jpg'),('Chinup','Chinup.jpg'),('Bentover Reverse Flye','Bentover Reverse Flye.jpg'),('Yates Row','Yates Row.jpg'),('Lat Pull Down','Lat Pull Down.jpg'),('Hammer Curls','Hammer Curls.jpg'),('Barbell Curl','Barbell Curl.jpg'),('Barbell Body Row','Barbell Body Row.jpg'),('Cable Lying Bicep Curl','Cable Lying Bicep Curl.jpg'),('Cable Standing Curl','Cable Standing Curl.jpg'),('Dumbell Spider Curl','Dumbell Spider Curl.jpg'),('Cable High Curl','Cable High Curl.jpg'),('Cable Drag Curl','Cable Drag Curl.jpg'),('Cable Pul Down Bicep Curl','Cable Pul Down Bicep Curl.jpg'),('Standing Biceps Strech','Standing Biceps Strech.jpg'),('Cable Seated Curl','Cable Seated Curl.jpg'),('Barbbell Drag Curl','Barbbell Drag Curl.jpg'),('Barbbell Shrug','Barbbell Shrug.jpg'),('Barbbell Upright Row','Barbbell Upright Row.jpg'),('Barbbell Front Raise','Barbbell Front Raise.jpg'),('Barbbell Clean and Jerk','Barbbell Clean and Jerk.jpg'),('Barbbell Frankenstein Squat','Barbbell Frankenstein Squat.jpg'),('Cable Lateral Raise','Cable Lateral Raise.jpg'),('Dumbell Reverse Flyes','Dumbell Reverse Flyes.jpg'),('Dumbell Reverse Flyes with External Rotation','Dumbell Reverse Flyes with External Rotation.jpg'),('Weight Plate Front Raise','Weight Plate Front Raise.jpg'),('Cable Shrug','Cable Shrug.jpg'),('Dumbell Cuban Press','Dumbell Cuban Press.jpg'),('Dumbell Front Raise','Dumbell Front Raise.jpg'),('T Bar Lying Row','T Bar Lying Row.jpg'),('Hammer Grip Pull Up','Hammer Grip Pull Up.jpg'),('Hug Knees to Chest','Hug Knees to Chest.jpg'),('Inverted Row','Inverted Row.jpg'),('Machine Lat Pull Down','Machine Lat Pull Down.jpg'),('Middle Back Strech','Middle Back Strech.jpg'),('One arm against Wall','One arm against Wall.jpg'),('One Handed Hang','One Handed Hang.jpg'),('Seated Machine Row','Seated Machine Row.jpg'),('Sphinx','Sphinx.jpg'),('Spinal Twist','Spinal Twist.jpg'),('Weighted Pull Ups','Weighted Pull Ups.jpg'),('Butterfly','Butterfly.jpg'),('Cable Cross Over','Cable Cross Over.jpg'),('Cable Flat Bench Fly','Cable Flat Bench Fly.jpg'),('Cable Cross High Over','Cable Cross High Over.jpg'),('Cable Inner Chest Press','Cable Inner Chest Press.jpg'),('Cable Press on Exercise Ball','Cable Press on Exercise Ball.jpg'),('Cable Upper Chest Crossovers','Cable Upper Chest Crossovers.jpg'),('Clap Push Up','Clap Push Up.jpg'),('Deep Push Up','Deep Push Up.jpg'),('Dumbell Bench Press','Dumbell Bench Press.jpg'),('Dip','Dip.jpg'),('Dip Machine','Dip Machine.jpg'),('Band Back Fly','Band Back Fly.jpg'),('Barbell JM Press','Barbell JM Press.jpg'),('Bench Dip','Bench Dip.jpg'),('Cable Tricep Push Down','Cable Tricep Push Down.jpg'),('Close Triceps Pushup','Close Triceps Pushup.jpg'),('Dumbell Single Arm Pronated Triceps Extension','Dumbell Single Arm Pronated Triceps Extension.jpg'),('Dumbell Single Arm Supinated Triceps Extension','Dumbell Single Arm Supinated Triceps Extension.jpg'),('Dumbell Standing Alternating Tricep Kickback','Dumbell Standing Alternating Tricep Kickback.jpg'),('Dumbell Standing Bent Over One Arm Triceps Extensions','Dumbell Standing Bent Over One Arm Triceps Extensions.jpg'),('Dumbell Standing Bent Over Two Arm Triceps Extensions','Dumbell Standing Bent Over Two Arm Triceps Extensions.jpg'),('Dumbell Standing Triceps Kickback','Dumbell Standing Triceps Kickback.jpg'),('Dumbell Tate Press','Dumbell Tate Press.jpg'),('Dumbell Tricep Kickback','Dumbell Tricep Kickback.jpg'),('Dumbell Tricep Kickback with Stork Stance','Dumbell Tricep Kickback with Stork Stance.jpg'),('Dumbell Twisting Bench Press','Dumbell Twisting Bench Press.jpg'),('Barbell Squat','Barbell Squat.jpg'),('Barbell Squat Jerk','Barbell Squat Jerk.jpg'),('Barbell Squat to a Bench','Barbell Squat to a Bench.jpg'),('Barbell Squat to a Shoulder Press','Barbell Squat to a Shoulder Press.jpg'),('Barbell Squat to a Upright Row','Barbell Squat to a Upright Row.jpg'),('Barbell Squat with Narrow Stance','Barbell Squat with Narrow Stance.jpg'),('Barbell Step Ups','Barbell Step Ups.jpg'),('Bodyweight Walking Lunge','Bodyweight Walking Lunge.jpg'),('Seated Calf Raise','Seated Calf Raise.jpg'),('Seated Calf Stretch','Seated Calf Stretch.jpg'),('Seated One Leg Calf Raise','Seated One Leg Calf Raise.jpg'),('Smith Machine One Leg Calf Raise','Smith Machine One Leg Calf Raise.jpg'),('Smith Machine Reverse Calf Raises','Smith Machine Reverse Calf Raises.jpg'),('Smith Machine Seated Calf Raises','Smith Machine Seated Calf Raises.jpg'),('Smith Machine Toe Raise','Smith Machine Toe Raise.jpg'),('Standing Calf Raises','Standing Calf Raises.jpg'),('Standing Gastrocnemius','Standing Gastrocnemius.jpg'),('Standing Gastrocnemius Calf Stretch','Standing Gastrocnemius Calf Stretch.jpg'),('Donkey Calf Raises','Donkey Calf Raises.jpg'),('Air Bike','Air Bike.jpg'),('Leg Raise','Leg Raise.jpg'),('Decline Crunch','Decline Crunch.jpg'),('Hanging Leg Raise','Hanging Leg Raise.jpg'),('Crunches','Crunches.jpg'),('Plank','Plank.jpg'),('Cable Crunch','Cable Crunch.jpg'),('Reverse Crunch','Reverse Crunch.jpg'),('Torso Rotation','Torso Rotation.jpg'),('Leg Pull In','Leg Pull In.jpg'),('Sit Up','Sit Up.jpg'),('Side Bridge','Side Bridge.jpg'),('Cable Side Bands','Cable Side Bands.jpg'),('V Ups','V Ups.jpg'),(NULL,NULL),('amit@gmail.com','http://cdn1us.denofgeek.com/sites/denofgeekus/files/therock.jpg'),('amit@gmail.com','http://cdn1us.denofgeek.com/sites/denofgeekus/files/therock.jpg');
/*!40000 ALTER TABLE `Pic` ENABLE KEYS */;
UNLOCK TABLES;
/*!40103 SET TIME_ZONE=@OLD_TIME_ZONE */;

/*!40101 SET SQL_MODE=@OLD_SQL_MODE */;
/*!40014 SET FOREIGN_KEY_CHECKS=@OLD_FOREIGN_KEY_CHECKS */;
/*!40014 SET UNIQUE_CHECKS=@OLD_UNIQUE_CHECKS */;
/*!40101 SET CHARACTER_SET_CLIENT=@OLD_CHARACTER_SET_CLIENT */;
/*!40101 SET CHARACTER_SET_RESULTS=@OLD_CHARACTER_SET_RESULTS */;
/*!40101 SET COLLATION_CONNECTION=@OLD_COLLATION_CONNECTION */;
/*!40111 SET SQL_NOTES=@OLD_SQL_NOTES */;

-- Dump completed on 2018-02-15 20:54:10
